活动区域,子区域,日期,时段,客流量,age（0-25）,age（26-44）,age（45-60+）,首次到访占比,男性客流量,女性客流量,驻留时长1,驻留时长2,驻留时长3,驻留时长4,是否活动时间
 无锡映月湖     ,九里仓,20240424,1,282,,,,,,,,,,,0
 无锡映月湖     ,九里仓,20240424,0,522,,,,,,,,,,,0
 无锡映月湖     ,九里仓,20240424,2,208,,,,,,,,,,,0
 无锡映月湖     ,九里仓,20240424,3,262,,,,,,,,,,,0
 无锡映月湖     ,九里仓,20240424,4,90,,,,,,,,,,,0
 无锡映月湖     ,九里仓,20240424,5,362,,,,,,,,,,,0
 无锡映月湖     ,九里仓,20240425,0,518,,,,,,,,,,,0
 无锡映月湖     ,九里仓,20240425,1,257,,,,,,,,,,,0
 无锡映月湖     ,九里仓,20240425,2,193,,,,,,,,,,,0
 无锡映月湖     ,九里仓,20240425,3,242,,,,,,,,,,,0
 无锡映月湖     ,九里仓,20240425,4,103,,,,,,,,,,,0
 无锡映月湖     ,九里仓,20240426,0,472,,,,,,,,,,,0
 无锡映月湖     ,九里仓,20240426,1,197,,,,,,,,,,,0
 无锡映月湖     ,九里仓,20240426,2,177,,,,,,,,,,,0
 无锡映月湖     ,九里仓,20240426,3,194,,,,,,,,,,,0
 无锡映月湖     ,九里仓,20240426,4,173,,,,,,,,,,,0
 无锡映月湖     ,九里仓,20240426,5,312,,,,,,,,,,,0
 无锡映月湖     ,九里仓,20240427,0,540,,,,,,,,,,,0
 无锡映月湖     ,九里仓,20240427,1,323,,,,,,,,,,,0
 无锡映月湖     ,九里仓,20240427,2,183,,,,,,,,,,,0
 无锡映月湖     ,九里仓,20240427,3,283,,,,,,,,,,,0
 无锡映月湖     ,九里仓,20240427,4,184,,,,,,,,,,,0
 无锡映月湖     ,九里仓,20240427,5,280,,,,,,,,,,,0
 无锡映月湖     ,九里仓,20240427,6,635,,,,,,,,,,,0
 无锡映月湖     ,九里仓,20240428,0,502,,,,,,,,,,,0
 无锡映月湖     ,九里仓,20240428,1,274,,,,,,,,,,,0
 无锡映月湖     ,九里仓,20240428,2,174,,,,,,,,,,,0
 无锡映月湖     ,九里仓,20240428,3,283,,,,,,,,,,,0
 无锡映月湖     ,九里仓,20240428,4,133,,,,,,,,,,,0
 无锡映月湖     ,九里仓,20240428,5,282,,,,,,,,,,,0
 无锡映月湖     ,九里仓,20240429,0,491,,,,,,,,,,,0
 无锡映月湖     ,九里仓,20240429,1,267,,,,,,,,,,,0
 无锡映月湖     ,九里仓,20240429,2,238,,,,,,,,,,,0
 无锡映月湖     ,九里仓,20240429,3,219,,,,,,,,,,,0
 无锡映月湖     ,九里仓,20240429,4,174,,,,,,,,,,,0
 无锡映月湖     ,九里仓,20240429,5,334,,,,,,,,,,,0
 无锡映月湖     ,九里仓,20240429,6,902,,,,,,,,,,,0
 无锡映月湖     ,九里仓,20240429,7,3096,,,,,,,,,,,0
 无锡映月湖     ,九里仓,20240429,8,2317,,,,,,,,,,,0
 无锡映月湖     ,九里仓,20240429,9,1761,,,,,,,,,,,0
 无锡映月湖     ,九里仓,20240429,10,1627,,,,,,,,,,,0
 无锡映月湖     ,九里仓,20240429,11,2056,,,,,,,,,,,0
 无锡映月湖     ,九里仓,20240429,12,2000,,,,,,,,,,,0
 无锡映月湖     ,九里仓,20240429,13,1918,,,,,,,,,,,0
 无锡映月湖     ,九里仓,20240429,14,1772,,,,,,,,,,,0
 无锡映月湖     ,九里仓,20240429,15,2093,,,,,,,,,,,0
 无锡映月湖     ,九里仓,20240429,16,2644,,,,,,,,,,,0
 无锡映月湖     ,九里仓,20240429,17,3880,,,,,,,,,,,0
 无锡映月湖     ,九里仓,20240429,18,3231,,,,,,,,,,,0
 无锡映月湖     ,九里仓,20240429,19,3112,,,,,,,,,,,0
 无锡映月湖     ,九里仓,20240429,20,3136,,,,,,,,,,,0
 无锡映月湖     ,九里仓,20240429,21,1970,,,,,,,,,,,0
 无锡映月湖     ,九里仓,20240429,22,1099,,,,,,,,,,,0
 无锡映月湖     ,九里仓,20240429,23,669,,,,,,,,,,,0
 无锡映月湖     ,九里仓,20240430,0,514,,,,,,,,,,,0
 无锡映月湖     ,九里仓,20240430,1,275,,,,,,,,,,,0
 无锡映月湖     ,九里仓,20240430,2,196,,,,,,,,,,,0
 无锡映月湖     ,九里仓,20240430,3,200,,,,,,,,,,,0
 无锡映月湖     ,九里仓,20240430,4,170,,,,,,,,,,,0
 无锡映月湖     ,九里仓,20240430,5,354,,,,,,,,,,,0
 无锡映月湖     ,九里仓,20240430,6,1030,,,,,,,,,,,0
 无锡映月湖     ,九里仓,20240430,7,3179,,,,,,,,,,,0
 无锡映月湖     ,九里仓,20240430,8,2301,,,,,,,,,,,0
 无锡映月湖     ,九里仓,20240430,9,1864,,,,,,,,,,,0
 无锡映月湖     ,九里仓,20240430,10,1655,,,,,,,,,,,0
 无锡映月湖     ,九里仓,20240430,11,1902,,,,,,,,,,,0
 无锡映月湖     ,九里仓,20240430,12,1926,,,,,,,,,,,0
 无锡映月湖     ,九里仓,20240430,13,1921,,,,,,,,,,,0
 无锡映月湖     ,九里仓,20240430,14,1792,,,,,,,,,,,0
 无锡映月湖     ,九里仓,20240430,15,2307,,,,,,,,,,,0
 无锡映月湖     ,九里仓,20240430,16,3010,,,,,,,,,,,0
 无锡映月湖     ,九里仓,20240430,17,4219,,,,,,,,,,,0
 无锡映月湖     ,映月天地,20240424,0,163,,,,,,,,,,,0
 无锡映月湖     ,映月天地,20240424,1,102,,,,,,,,,,,0
 无锡映月湖     ,映月天地,20240424,2,40,,,,,,,,,,,0
 无锡映月湖     ,映月天地,20240424,3,11,,,,,,,,,,,0
 无锡映月湖     ,映月天地,20240424,4,10,,,,,,,,,,,0
 无锡映月湖     ,映月天地,20240424,5,108,,,,,,,,,,,0
 无锡映月湖     ,映月天地,20240424,6,261,,,,,,,,,,,0
 无锡映月湖     ,映月天地,20240424,7,687,,,,,,,,,,,0
 无锡映月湖     ,映月天地,20240424,8,766,,,,,,,,,,,0
 无锡映月湖     ,映月天地,20240424,9,639,,,,,,,,,,,0
 无锡映月湖     ,映月天地,20240424,10,591,,,,,,,,,,,0
 无锡映月湖     ,映月天地,20240424,11,656,,,,,,,,,,,0
 无锡映月湖     ,映月天地,20240424,12,785,,,,,,,,,,,0
 无锡映月湖     ,映月天地,20240424,13,781,,,,,,,,,,,0
 无锡映月湖     ,映月天地,20240424,14,615,,,,,,,,,,,0
 无锡映月湖     ,映月天地,20240424,15,659,,,,,,,,,,,0
 无锡映月湖     ,映月天地,20240424,16,822,,,,,,,,,,,0
 无锡映月湖     ,映月天地,20240424,17,1021,,,,,,,,,,,0
 无锡映月湖     ,映月天地,20240424,18,1215,,,,,,,,,,,0
 无锡映月湖     ,映月天地,20240424,19,1211,,,,,,,,,,,0
 无锡映月湖     ,映月天地,20240424,20,1101,,,,,,,,,,,0
 无锡映月湖     ,映月天地,20240424,21,680,,,,,,,,,,,0
 无锡映月湖     ,映月天地,20240424,22,355,,,,,,,,,,,0
 无锡映月湖     ,映月天地,20240424,23,181,,,,,,,,,,,0
 无锡映月湖     ,映月天地,20240425,0,194,,,,,,,,,,,0
 无锡映月湖     ,映月天地,20240425,1,110,,,,,,,,,,,0
 无锡映月湖     ,映月天地,20240425,2,61,,,,,,,,,,,0
 无锡映月湖     ,映月天地,20240425,3,9,,,,,,,,,,,0
 无锡映月湖     ,映月天地,20240425,4,15,,,,,,,,,,,0
 无锡映月湖     ,映月天地,20240425,5,121,,,,,,,,,,,0
 无锡映月湖     ,映月天地,20240425,6,280,,,,,,,,,,,0
 无锡映月湖     ,映月天地,20240425,7,639,,,,,,,,,,,0
 无锡映月湖     ,映月天地,20240425,8,621,,,,,,,,,,,0
 无锡映月湖     ,映月天地,20240425,9,550,,,,,,,,,,,0
 无锡映月湖     ,映月天地,20240425,10,463,,,,,,,,,,,0
 无锡映月湖     ,映月天地,20240425,11,628,,,,,,,,,,,0
 无锡映月湖     ,映月天地,20240425,12,716,,,,,,,,,,,0
 无锡映月湖     ,映月天地,20240425,13,642,,,,,,,,,,,0
 无锡映月湖     ,映月天地,20240425,14,631,,,,,,,,,,,0
 无锡映月湖     ,映月天地,20240425,15,721,,,,,,,,,,,0
 无锡映月湖     ,映月天地,20240425,16,736,,,,,,,,,,,0
 无锡映月湖     ,映月天地,20240425,17,1114,,,,,,,,,,,0
 无锡映月湖     ,映月天地,20240425,18,1233,,,,,,,,,,,0
 无锡映月湖     ,映月天地,20240425,19,1107,,,,,,,,,,,0
 无锡映月湖     ,映月天地,20240425,20,966,,,,,,,,,,,0
 无锡映月湖     ,映月天地,20240425,21,597,,,,,,,,,,,0
 无锡映月湖     ,映月天地,20240425,22,324,,,,,,,,,,,0
 无锡映月湖     ,映月天地,20240425,23,198,,,,,,,,,,,0
 无锡映月湖     ,映月天地,20240426,0,175,,,,,,,,,,,0
 无锡映月湖     ,映月天地,20240426,1,90,,,,,,,,,,,0
 无锡映月湖     ,映月天地,20240426,2,30,,,,,,,,,,,0
 无锡映月湖     ,映月天地,20240426,3,9,,,,,,,,,,,0
 无锡映月湖     ,映月天地,20240426,4,10,,,,,,,,,,,0
 无锡映月湖     ,映月天地,20240426,5,123,,,,,,,,,,,0
 无锡映月湖     ,映月天地,20240426,6,244,,,,,,,,,,,0
 无锡映月湖     ,映月天地,20240426,7,659,,,,,,,,,,,0
 无锡映月湖     ,映月天地,20240426,8,738,,,,,,,,,,,0
 无锡映月湖     ,映月天地,20240426,9,581,,,,,,,,,,,0
 无锡映月湖     ,映月天地,20240426,10,513,,,,,,,,,,,0
 无锡映月湖     ,映月天地,20240426,11,662,,,,,,,,,,,0
 无锡映月湖     ,映月天地,20240426,12,757,,,,,,,,,,,0
 无锡映月湖     ,映月天地,20240426,13,740,,,,,,,,,,,0
 无锡映月湖     ,映月天地,20240426,14,626,,,,,,,,,,,0
 无锡映月湖     ,映月天地,20240426,15,682,,,,,,,,,,,0
 无锡映月湖     ,映月天地,20240426,16,872,,,,,,,,,,,0
 无锡映月湖     ,映月天地,20240426,17,1220,,,,,,,,,,,0
 无锡映月湖     ,映月天地,20240426,18,1463,,,,,,,,,,,0
 无锡映月湖     ,映月天地,20240426,19,1356,,,,,,,,,,,0
 无锡映月湖     ,映月天地,20240426,20,1268,,,,,,,,,,,0
 无锡映月湖     ,映月天地,20240426,21,821,,,,,,,,,,,0
 无锡映月湖     ,映月天地,20240426,22,396,,,,,,,,,,,0
 无锡映月湖     ,映月天地,20240426,23,196,,,,,,,,,,,0
 无锡映月湖     ,映月天地,20240427,0,184,,,,,,,,,,,0
 无锡映月湖     ,映月天地,20240427,1,116,,,,,,,,,,,0
 无锡映月湖     ,映月湖中央公园,20240424,10,3433,,,,,,,,,,,0
 无锡映月湖     ,映月湖中央公园,20240424,14,3570,,,,,,,,,,,0
 无锡映月湖     ,映月湖中央公园,20240424,18,5413,,,,,,,,,,,0
 无锡映月湖     ,映月湖中央公园,20240424,21,3500,,,,,,,,,,,0
 无锡映月湖     ,映月湖中央公园,20240424,3,472,,,,,,,,,,,0
 无锡映月湖     ,映月湖中央公园,20240424,7,5598,,,,,,,,,,,0
 无锡映月湖     ,映月湖中央公园,20240425,0,967,,,,,,,,,,,0
 无锡映月湖     ,映月湖中央公园,20240425,11,3409,,,,,,,,,,,0
 无锡映月湖     ,映月湖中央公园,20240425,15,3596,,,,,,,,,,,0
 无锡映月湖     ,映月湖中央公园,20240425,19,4632,,,,,,,,,,,0
 无锡映月湖     ,映月湖中央公园,20240425,22,2073,,,,,,,,,,,0
 无锡映月湖     ,映月湖中央公园,20240425,4,347,,,,,,,,,,,0
 无锡映月湖     ,映月湖中央公园,20240425,8,4418,,,,,,,,,,,0
 无锡映月湖     ,映月湖中央公园,20240426,1,437,,,,,,,,,,,0
 无锡映月湖     ,映月湖中央公园,20240426,12,3904,,,,,,,,,,,0
 无锡映月湖     ,映月湖中央公园,20240426,16,5850,,,,,,,,,,,0
 无锡映月湖     ,映月湖中央公园,20240426,23,2078,,,,,,,,,,,0
 无锡映月湖     ,映月湖中央公园,20240426,5,812,,,,,,,,,,,0
 无锡映月湖     ,映月湖中央公园,20240426,9,3812,,,,,,,,,,,0
 无锡映月湖     ,映月湖中央公园,20240427,13,4770,,,,,,,,,,,0
 无锡映月湖     ,映月湖中央公园,20240427,17,5672,,,,,,,,,,,0
 无锡映月湖     ,映月湖中央公园,20240427,2,467,,,,,,,,,,,0
 无锡映月湖     ,映月湖中央公园,20240427,20,5003,,,,,,,,,,,0
 无锡映月湖     ,映月湖中央公园,20240427,6,1888,,,,,,,,,,,0
 无锡映月湖     ,映月湖中央公园,20240428,10,3360,,,,,,,,,,,0
 无锡映月湖     ,映月湖中央公园,20240428,14,3471,,,,,,,,,,,0
 无锡映月湖     ,映月湖中央公园,20240428,18,5403,,,,,,,,,,,0
 无锡映月湖     ,映月湖中央公园,20240428,21,3156,,,,,,,,,,,0
 无锡映月湖     ,映月湖中央公园,20240428,3,532,,,,,,,,,,,0
 无锡映月湖     ,映月湖中央公园,20240428,7,5421,,,,,,,,,,,0
 无锡映月湖     ,映月湖中央公园,20240429,0,879,,,,,,,,,,,0
 无锡映月湖     ,映月湖中央公园,20240429,11,3948,,,,,,,,,,,0
 无锡映月湖     ,映月湖中央公园,20240429,15,3989,,,,,,,,,,,0
 无锡映月湖     ,映月湖中央公园,20240429,19,5322,,,,,,,,,,,0
 无锡映月湖     ,映月湖中央公园,20240429,22,2336,,,,,,,,,,,0
 无锡映月湖     ,映月湖中央公园,20240429,4,318,,,,,,,,,,,0
 无锡映月湖     ,映月湖中央公园,20240429,8,5508,,,,,,,,,,,0
 无锡映月湖     ,映月湖中央公园,20240430,13,3881,,,,,,,,,,,0
 无锡映月湖     ,映月湖中央公园,20240430,17,6521,,,,,,,,,,,0
 无锡映月湖     ,映月湖中央公园,20240430,2,440,,,,,,,,,,,0
 无锡映月湖     ,映月湖中央公园,20240430,20,4193,,,,,,,,,,,0
 无锡映月湖     ,映月湖中央公园,20240430,6,2719,,,,,,,,,,,0
 无锡映月湖     ,映月湖中央公园,20240501,10,5066,2259,20003,10256,0.69,19956,12626,990,546,362,128,1
 无锡映月湖     ,映月湖中央公园,20240501,14,5627,2259,20003,10256,0.69,19956,12626,990,546,362,128,1
 无锡映月湖     ,映月湖中央公园,20240501,18,6237,2259,20003,10256,0.69,19956,12626,990,546,362,128,1
 无锡映月湖     ,映月湖中央公园,20240501,21,5160,2259,20003,10256,0.69,19956,12626,990,546,362,128,1
 无锡映月湖     ,映月湖中央公园,20240501,3,436,2259,20003,10256,0.69,19956,12626,990,546,362,128,1
 无锡映月湖     ,映月湖中央公园,20240501,7,2551,2259,20003,10256,0.69,19956,12626,990,546,362,128,1
 无锡映月湖     ,映月湖中央公园,20240502,0,1161,1847,18503,9686,0.64,18533,11554,857,549,388,145,1
 无锡映月湖     ,映月湖中央公园,20240502,11,4546,1847,18503,9686,0.64,18533,11554,857,549,388,145,1
 无锡映月湖     ,映月湖中央公园,20240502,15,4873,1847,18503,9686,0.64,18533,11554,857,549,388,145,1
 无锡映月湖     ,映月湖中央公园,20240502,19,6610,1847,18503,9686,0.64,18533,11554,857,549,388,145,1
 无锡映月湖     ,映月湖中央公园,20240502,22,2702,1847,18503,9686,0.64,18533,11554,857,549,388,145,1
 无锡映月湖     ,映月湖中央公园,20240502,4,545,1847,18503,9686,0.64,18533,11554,857,549,388,145,1
 无锡映月湖     ,映月湖中央公园,20240502,8,3749,1847,18503,9686,0.64,18533,11554,857,549,388,145,1
 无锡映月湖     ,映月湖中央公园,20240503,1,646,1828,17806,9529,0.62,18080,11120,864,501,380,133,1
 无锡映月湖     ,映月湖中央公园,20240503,12,4446,1828,17806,9529,0.62,18080,11120,864,501,380,133,1
 无锡映月湖     ,映月湖中央公园,20240503,16,5101,1828,17806,9529,0.62,18080,11120,864,501,380,133,1
 无锡映月湖     ,映月湖中央公园,20240503,23,2128,1828,17806,9529,0.62,18080,11120,864,501,380,133,1
 无锡映月湖     ,映月湖中央公园,20240503,5,706,1828,17806,9529,0.62,18080,11120,864,501,380,133,1
 无锡映月湖     ,映月湖中央公园,20240503,9,4564,1828,17806,9529,0.62,18080,11120,864,501,380,133,1
 无锡映月湖     ,映月湖中央公园,20240504,13,4050,1562,15385,8123,0.6,15807,9310,579,347,291,112,1
 无锡映月湖     ,映月湖中央公园,20240504,17,4750,1562,15385,8123,0.6,15807,9310,579,347,291,112,1
 无锡映月湖     ,映月湖中央公园,20240504,2,476,1562,15385,8123,0.6,15807,9310,579,347,291,112,1
 无锡映月湖     ,映月湖中央公园,20240504,20,4038,1562,15385,8123,0.6,15807,9310,579,347,291,112,1
 无锡映月湖     ,映月湖中央公园,20240504,6,1574,1562,15385,8123,0.6,15807,9310,579,347,291,112,1
 无锡映月湖     ,映月湖中央公园,20240505,10,3751,1804,16209,8971,0.63,15807,9310,559,331,228,117,1
 无锡映月湖     ,映月湖中央公园,20240505,14,4274,1804,16209,8971,0.63,15807,9310,559,331,228,117,1
 无锡映月湖     ,映月湖中央公园,20240505,18,5135,1804,16209,8971,0.63,15807,9310,559,331,228,117,1
 无锡映月湖     ,映月湖中央公园,20240505,21,3257,1804,16209,8971,0.63,15807,9310,559,331,228,117,1
 无锡映月湖     ,映月湖中央公园,20240505,3,312,1804,16209,8971,0.63,15807,9310,559,331,228,117,1
 无锡映月湖     ,映月湖中央公园,20240505,7,2897,1804,16209,8971,0.63,15807,9310,559,331,228,117,1
 无锡映月湖     ,映月湖公园,20240424,13,7308,,,,,,,,,,,0
 无锡映月湖     ,映月湖公园,20240424,17,12583,,,,,,,,,,,0
 无锡映月湖     ,映月湖公园,20240424,2,809,,,,,,,,,,,0
 无锡映月湖     ,映月湖公园,20240424,20,9177,,,,,,,,,,,0
 无锡映月湖     ,映月湖公园,20240424,6,4392,,,,,,,,,,,0
 无锡映月湖     ,映月湖公园,20240425,10,5008,,,,,,,,,,,0
 无锡映月湖     ,映月湖公园,20240425,14,6833,,,,,,,,,,,0
 无锡映月湖     ,映月湖公园,20240425,18,10171,,,,,,,,,,,0
 无锡映月湖     ,映月湖公园,20240425,21,6012,,,,,,,,,,,0
 无锡映月湖     ,映月湖公园,20240425,3,815,,,,,,,,,,,0
 无锡映月湖     ,映月湖公园,20240425,7,9921,,,,,,,,,,,0
 无锡映月湖     ,映月湖公园,20240426,0,1696,,,,,,,,,,,0
 无锡映月湖     ,映月湖公园,20240426,11,7478,,,,,,,,,,,0
 无锡映月湖     ,映月湖公园,20240426,15,9029,,,,,,,,,,,0
 无锡映月湖     ,映月湖公园,20240426,19,10505,,,,,,,,,,,0
 无锡映月湖     ,映月湖公园,20240426,22,4639,,,,,,,,,,,0
 无锡映月湖     ,映月湖公园,20240426,4,599,,,,,,,,,,,0
 无锡映月湖     ,映月湖公园,20240426,8,10025,,,,,,,,,,,0
 无锡映月湖     ,映月湖公园,20240427,1,1135,,,,,,,,,,,0
 无锡映月湖     ,映月湖公园,20240427,12,8396,,,,,,,,,,,0
 无锡映月湖     ,映月湖公园,20240427,16,9839,,,,,,,,,,,0
 无锡映月湖     ,映月湖公园,20240427,23,2847,,,,,,,,,,,0
 无锡映月湖     ,映月湖公园,20240427,5,1310,,,,,,,,,,,0
 无锡映月湖     ,映月湖公园,20240427,9,7518,,,,,,,,,,,0
 无锡映月湖     ,映月湖公园,20240428,13,6512,,,,,,,,,,,0
 无锡映月湖     ,映月湖公园,20240428,17,12575,,,,,,,,,,,0
 无锡映月湖     ,映月湖公园,20240428,2,654,,,,,,,,,,,0
 无锡映月湖     ,映月湖公园,20240428,20,7783,,,,,,,,,,,0
 无锡映月湖     ,映月湖公园,20240428,6,4223,,,,,,,,,,,0
 无锡映月湖     ,映月湖公园,20240429,10,6533,,,,,,,,,,,0
 无锡映月湖     ,映月湖公园,20240429,14,6947,,,,,,,,,,,0
 无锡映月湖     ,映月湖公园,20240429,18,10815,,,,,,,,,,,0
 无锡映月湖     ,映月湖公园,20240429,21,6421,,,,,,,,,,,0
 无锡映月湖     ,映月湖公园,20240429,3,790,,,,,,,,,,,0
 无锡映月湖     ,映月湖公园,20240429,7,11341,,,,,,,,,,,0
 无锡映月湖     ,映月湖公园,20240430,1,968,,,,,,,,,,,0
 无锡映月湖     ,映月湖公园,20240430,12,7132,,,,,,,,,,,0
 无锡映月湖     ,映月湖公园,20240430,16,10582,,,,,,,,,,,0
 无锡映月湖     ,映月湖公园,20240430,23,3659,,,,,,,,,,,0
 无锡映月湖     ,映月湖公园,20240430,5,1495,,,,,,,,,,,0
 无锡映月湖     ,映月湖公园,20240430,9,6883,,,,,,,,,,,0
 无锡映月湖     ,映月湖公园,20240501,13,9666,3646,31124,15884,0.64,30679,20070,4172,2591,1684,564,1
 无锡映月湖     ,映月湖公园,20240501,17,10521,3646,31124,15884,0.64,30679,20070,4172,2591,1684,564,1
 无锡映月湖     ,映月湖公园,20240501,2,915,3646,31124,15884,0.64,30679,20070,4172,2591,1684,564,1
 无锡映月湖     ,映月湖公园,20240501,20,12844,3646,31124,15884,0.64,30679,20070,4172,2591,1684,564,1
 无锡映月湖     ,映月湖公园,20240501,6,2678,3646,31124,15884,0.64,30679,20070,4172,2591,1684,564,1
 无锡映月湖     ,映月湖公园,20240502,10,8597,2962,14905,29029,0.58,28495,18488,3524,2297,1582,599,1
 无锡映月湖     ,映月湖公园,20240502,14,9046,2962,14905,29029,0.58,28495,18488,3524,2297,1582,599,1
 无锡映月湖     ,映月湖公园,20240502,18,10727,2962,14905,29029,0.58,28495,18488,3524,2297,1582,599,1
 无锡映月湖     ,映月湖公园,20240502,21,7929,2962,14905,29029,0.58,28495,18488,3524,2297,1582,599,1
 无锡映月湖     ,映月湖公园,20240502,3,820,2962,14905,29029,0.58,28495,18488,3524,2297,1582,599,1
 无锡映月湖     ,映月湖公园,20240502,7,4924,2962,14905,29029,0.58,28495,18488,3524,2297,1582,599,1
 无锡映月湖     ,映月湖公园,20240503,0,1946,2874,28116,14794,0.56,27828,18028,3264,2073,1537,612,1
 无锡映月湖     ,映月湖公园,20240503,11,7918,2874,28116,14794,0.56,27828,18028,3264,2073,1537,612,1
 无锡映月湖     ,映月湖公园,20240503,15,8831,2874,28116,14794,0.56,27828,18028,3264,2073,1537,612,1
 无锡映月湖     ,映月湖公园,20240503,19,10920,2874,28116,14794,0.56,27828,18028,3264,2073,1537,612,1
 无锡映月湖     ,映月湖公园,20240503,22,4887,2874,28116,14794,0.56,27828,18028,3264,2073,1537,612,1
 无锡映月湖     ,映月湖公园,20240503,4,618,2874,28116,14794,0.56,27828,18028,3264,2073,1537,612,1
 无锡映月湖     ,映月湖公园,20240503,8,6685,2874,28116,14794,0.56,27828,18028,3264,2073,1537,612,1
 无锡映月湖     ,映月湖公园,20240504,1,1162,2603,24686,12829,0.55,24816,15387,2144,1393,1021,530,1
 无锡映月湖     ,映月湖公园,20240504,12,7142,2603,24686,12829,0.55,24816,15387,2144,1393,1021,530,1
 无锡映月湖     ,映月湖公园,20240504,16,8157,2603,24686,12829,0.55,24816,15387,2144,1393,1021,530,1
 无锡映月湖     ,映月湖公园,20240504,23,3113,2603,24686,12829,0.55,24816,15387,2144,1393,1021,530,1
 无锡映月湖     ,映月湖公园,20240504,5,1209,2603,24686,12829,0.55,24816,15387,2144,1393,1021,530,1
 无锡映月湖     ,映月湖公园,20240504,9,6386,2603,24686,12829,0.55,24816,15387,2144,1393,1021,530,1
 无锡映月湖     ,映月湖公园,20240505,13,7725,3208,26528,14158,0.58,24816,15387,2075,1363,957,503,1
 无锡映月湖     ,映月湖公园,20240505,17,10420,3208,26528,14158,0.58,24816,15387,2075,1363,957,503,1
 无锡映月湖     ,映月湖公园,20240505,2,714,3208,26528,14158,0.58,24816,15387,2075,1363,957,503,1
 无锡映月湖     ,映月湖公园,20240505,20,8899,3208,26528,14158,0.58,24816,15387,2075,1363,957,503,1
 无锡映月湖     ,映月湖公园,20240505,6,2556,3208,26528,14158,0.58,24816,15387,2075,1363,957,503,1
 无锡映月湖     ,九里仓,20240424,6,961,,,,,,,,,,,0
 无锡映月湖     ,九里仓,20240424,7,3258,,,,,,,,,,,0
 无锡映月湖     ,九里仓,20240424,8,2360,,,,,,,,,,,0
 无锡映月湖     ,九里仓,20240424,9,1797,,,,,,,,,,,0
 无锡映月湖     ,九里仓,20240424,10,1612,,,,,,,,,,,0
 无锡映月湖     ,九里仓,20240425,5,320,,,,,,,,,,,0
 无锡映月湖     ,九里仓,20240425,6,843,,,,,,,,,,,0
 无锡映月湖     ,九里仓,20240425,7,2601,,,,,,,,,,,0
 无锡映月湖     ,九里仓,20240425,8,1856,,,,,,,,,,,0
 无锡映月湖     ,九里仓,20240425,9,1815,,,,,,,,,,,0
 无锡映月湖     ,九里仓,20240425,10,1283,,,,,,,,,,,0
 无锡映月湖     ,九里仓,20240426,6,933,,,,,,,,,,,0
 无锡映月湖     ,九里仓,20240426,7,3015,,,,,,,,,,,0
 无锡映月湖     ,九里仓,20240426,8,2295,,,,,,,,,,,0
 无锡映月湖     ,九里仓,20240426,9,1799,,,,,,,,,,,0
 无锡映月湖     ,九里仓,20240426,10,1620,,,,,,,,,,,0
 无锡映月湖     ,九里仓,20240426,11,2019,,,,,,,,,,,0
 无锡映月湖     ,九里仓,20240426,12,1977,,,,,,,,,,,0
 无锡映月湖     ,九里仓,20240427,7,1168,,,,,,,,,,,0
 无锡映月湖     ,九里仓,20240427,8,1487,,,,,,,,,,,0
 无锡映月湖     ,九里仓,20240427,9,1810,,,,,,,,,,,0
 无锡映月湖     ,九里仓,20240427,10,1989,,,,,,,,,,,0
 无锡映月湖     ,九里仓,20240427,11,2318,,,,,,,,,,,0
 无锡映月湖     ,九里仓,20240427,12,2549,,,,,,,,,,,0
 无锡映月湖     ,九里仓,20240428,6,873,,,,,,,,,,,0
 无锡映月湖     ,九里仓,20240428,7,2883,,,,,,,,,,,0
 无锡映月湖     ,九里仓,20240428,8,2119,,,,,,,,,,,0
 无锡映月湖     ,九里仓,20240428,9,1595,,,,,,,,,,,0
 无锡映月湖     ,九里仓,20240428,10,1561,,,,,,,,,,,0
 无锡映月湖     ,九里仓,20240430,18,3329,,,,,,,,,,,0
 无锡映月湖     ,九里仓,20240430,19,2675,,,,,,,,,,,0
 无锡映月湖     ,九里仓,20240430,20,2250,,,,,,,,,,,0
 无锡映月湖     ,九里仓,20240430,21,1836,,,,,,,,,,,0
 无锡映月湖     ,九里仓,20240430,22,1111,,,,,,,,,,,0
 无锡映月湖     ,九里仓,20240430,23,709,,,,,,,,,,,0
 无锡映月湖     ,九里仓,20240501,0,557,1131,11311,5553,0.73,10750,7287,1972,1027,470,204,1
 无锡映月湖     ,九里仓,20240501,1,313,1131,11311,5553,0.73,10750,7287,1972,1027,470,204,1
 无锡映月湖     ,九里仓,20240501,2,194,1131,11311,5553,0.73,10750,7287,1972,1027,470,204,1
 无锡映月湖     ,九里仓,20240501,3,172,1131,11311,5553,0.73,10750,7287,1972,1027,470,204,1
 无锡映月湖     ,九里仓,20240501,4,160,1131,11311,5553,0.73,10750,7287,1972,1027,470,204,1
 无锡映月湖     ,九里仓,20240501,5,281,1131,11311,5553,0.73,10750,7287,1972,1027,470,204,1
 无锡映月湖     ,九里仓,20240501,6,572,1131,11311,5553,0.73,10750,7287,1972,1027,470,204,1
 无锡映月湖     ,九里仓,20240501,7,942,1131,11311,5553,0.73,10750,7287,1972,1027,470,204,1
 无锡映月湖     ,九里仓,20240501,8,1432,1131,11311,5553,0.73,10750,7287,1972,1027,470,204,1
 无锡映月湖     ,九里仓,20240501,9,1895,1131,11311,5553,0.73,10750,7287,1972,1027,470,204,1
 无锡映月湖     ,九里仓,20240501,10,2284,1131,11311,5553,0.73,10750,7287,1972,1027,470,204,1
 无锡映月湖     ,九里仓,20240501,11,2787,1131,11311,5553,0.73,10750,7287,1972,1027,470,204,1
 无锡映月湖     ,九里仓,20240501,12,2961,1131,11311,5553,0.73,10750,7287,1972,1027,470,204,1
 无锡映月湖     ,九里仓,20240501,13,3206,1131,11311,5553,0.73,10750,7287,1972,1027,470,204,1
 无锡映月湖     ,九里仓,20240501,14,3015,1131,11311,5553,0.73,10750,7287,1972,1027,470,204,1
 无锡映月湖     ,九里仓,20240501,15,2744,1131,11311,5553,0.73,10750,7287,1972,1027,470,204,1
 无锡映月湖     ,九里仓,20240501,16,2974,1131,11311,5553,0.73,10750,7287,1972,1027,470,204,1
 无锡映月湖     ,九里仓,20240501,17,3666,1131,11311,5553,0.73,10750,7287,1972,1027,470,204,1
 无锡映月湖     ,九里仓,20240501,18,5080,1131,11311,5553,0.73,10750,7287,1972,1027,470,204,1
 无锡映月湖     ,九里仓,20240501,19,6843,1131,11311,5553,0.73,10750,7287,1972,1027,470,204,1
 无锡映月湖     ,九里仓,20240501,20,6325,1131,11311,5553,0.73,10750,7287,1972,1027,470,204,1
 无锡映月湖     ,九里仓,20240501,21,4151,1131,11311,5553,0.73,10750,7287,1972,1027,470,204,1
 无锡映月湖     ,九里仓,20240501,22,1686,1131,11311,5553,0.73,10750,7287,1972,1027,470,204,1
 无锡映月湖     ,九里仓,20240501,23,897,1131,11311,5553,0.73,10750,7287,1972,1027,470,204,1
 无锡映月湖     ,九里仓,20240502,0,630,934,10123,4990,0.67,9533,6547,1624,856,429,210,1
 无锡映月湖     ,九里仓,20240502,1,315,934,10123,4990,0.67,9533,6547,1624,856,429,210,1
 无锡映月湖     ,九里仓,20240502,2,164,934,10123,4990,0.67,9533,6547,1624,856,429,210,1
 无锡映月湖     ,九里仓,20240502,3,158,934,10123,4990,0.67,9533,6547,1624,856,429,210,1
 无锡映月湖     ,九里仓,20240502,4,157,934,10123,4990,0.67,9533,6547,1624,856,429,210,1
 无锡映月湖     ,九里仓,20240502,5,299,934,10123,4990,0.67,9533,6547,1624,856,429,210,1
 无锡映月湖     ,九里仓,20240502,6,607,934,10123,4990,0.67,9533,6547,1624,856,429,210,1
 无锡映月湖     ,九里仓,20240502,7,993,934,10123,4990,0.67,9533,6547,1624,856,429,210,1
 无锡映月湖     ,九里仓,20240502,8,1450,934,10123,4990,0.67,9533,6547,1624,856,429,210,1
 无锡映月湖     ,九里仓,20240502,9,1810,934,10123,4990,0.67,9533,6547,1624,856,429,210,1
 无锡映月湖     ,九里仓,20240502,10,2140,934,10123,4990,0.67,9533,6547,1624,856,429,210,1
 无锡映月湖     ,映月天地,20240427,2,59,,,,,,,,,,,0
 无锡映月湖     ,映月天地,20240427,3,25,,,,,,,,,,,0
 无锡映月湖     ,映月天地,20240427,4,7,,,,,,,,,,,0
 无锡映月湖     ,映月天地,20240427,5,82,,,,,,,,,,,0
 无锡映月湖     ,映月天地,20240427,6,211,,,,,,,,,,,0
 无锡映月湖     ,映月天地,20240427,7,371,,,,,,,,,,,0
 无锡映月湖     ,映月天地,20240427,8,494,,,,,,,,,,,0
 无锡映月湖     ,映月天地,20240427,9,626,,,,,,,,,,,0
 无锡映月湖     ,映月天地,20240427,10,727,,,,,,,,,,,0
 无锡映月湖     ,映月天地,20240427,11,943,,,,,,,,,,,0
 无锡映月湖     ,映月天地,20240427,12,991,,,,,,,,,,,0
 无锡映月湖     ,映月天地,20240427,13,988,,,,,,,,,,,0
 无锡映月湖     ,映月天地,20240427,14,1035,,,,,,,,,,,0
 无锡映月湖     ,映月天地,20240427,15,938,,,,,,,,,,,0
 无锡映月湖     ,映月天地,20240427,16,985,,,,,,,,,,,0
 无锡映月湖     ,映月天地,20240427,17,1063,,,,,,,,,,,0
 无锡映月湖     ,映月天地,20240427,18,1068,,,,,,,,,,,0
 无锡映月湖     ,映月天地,20240427,19,1326,,,,,,,,,,,0
 无锡映月湖     ,映月天地,20240427,20,1007,,,,,,,,,,,0
 无锡映月湖     ,映月天地,20240427,21,530,,,,,,,,,,,0
 无锡映月湖     ,映月天地,20240427,22,299,,,,,,,,,,,0
 无锡映月湖     ,映月天地,20240427,23,141,,,,,,,,,,,0
 无锡映月湖     ,映月天地,20240428,0,131,,,,,,,,,,,0
 无锡映月湖     ,映月天地,20240428,1,66,,,,,,,,,,,0
 无锡映月湖     ,映月天地,20240428,2,28,,,,,,,,,,,0
 无锡映月湖     ,映月天地,20240428,3,10,,,,,,,,,,,0
 无锡映月湖     ,映月天地,20240428,4,7,,,,,,,,,,,0
 无锡映月湖     ,映月天地,20240428,5,88,,,,,,,,,,,0
 无锡映月湖     ,映月天地,20240428,6,231,,,,,,,,,,,0
 无锡映月湖     ,映月天地,20240428,7,614,,,,,,,,,,,0
 无锡映月湖     ,映月天地,20240428,8,639,,,,,,,,,,,0
 无锡映月湖     ,映月天地,20240428,9,497,,,,,,,,,,,0
 无锡映月湖     ,映月天地,20240428,10,546,,,,,,,,,,,0
 无锡映月湖     ,映月天地,20240428,11,602,,,,,,,,,,,0
 无锡映月湖     ,映月天地,20240428,12,601,,,,,,,,,,,0
 无锡映月湖     ,映月天地,20240428,13,640,,,,,,,,,,,0
 无锡映月湖     ,映月天地,20240428,14,576,,,,,,,,,,,0
 无锡映月湖     ,映月天地,20240428,15,594,,,,,,,,,,,0
 无锡映月湖     ,映月天地,20240428,16,713,,,,,,,,,,,0
 无锡映月湖     ,映月天地,20240428,17,981,,,,,,,,,,,0
 无锡映月湖     ,映月天地,20240428,18,1060,,,,,,,,,,,0
 无锡映月湖     ,映月天地,20240428,19,986,,,,,,,,,,,0
 无锡映月湖     ,映月天地,20240428,20,817,,,,,,,,,,,0
 无锡映月湖     ,映月天地,20240428,21,544,,,,,,,,,,,0
 无锡映月湖     ,映月天地,20240428,22,280,,,,,,,,,,,0
 无锡映月湖     ,映月天地,20240428,23,146,,,,,,,,,,,0
 无锡映月湖     ,映月天地,20240429,0,141,,,,,,,,,,,0
 无锡映月湖     ,映月天地,20240429,1,84,,,,,,,,,,,0
 无锡映月湖     ,映月天地,20240429,2,61,,,,,,,,,,,0
 无锡映月湖     ,映月天地,20240429,3,12,,,,,,,,,,,0
 无锡映月湖     ,映月天地,20240429,4,11,,,,,,,,,,,0
 无锡映月湖     ,映月天地,20240429,5,96,,,,,,,,,,,0
 无锡映月湖     ,映月天地,20240429,6,239,,,,,,,,,,,0
 无锡映月湖     ,映月天地,20240429,7,620,,,,,,,,,,,0
 无锡映月湖     ,映月天地,20240429,8,707,,,,,,,,,,,0
 无锡映月湖     ,映月天地,20240429,9,560,,,,,,,,,,,0
 无锡映月湖     ,映月天地,20240429,10,546,,,,,,,,,,,0
 无锡映月湖     ,映月天地,20240429,11,727,,,,,,,,,,,0
 无锡映月湖     ,映月天地,20240429,12,777,,,,,,,,,,,0
 无锡映月湖     ,映月天地,20240429,13,739,,,,,,,,,,,0
 无锡映月湖     ,映月天地,20240429,14,605,,,,,,,,,,,0
 无锡映月湖     ,映月天地,20240429,15,682,,,,,,,,,,,0
 无锡映月湖     ,映月天地,20240429,16,813,,,,,,,,,,,0
 无锡映月湖     ,映月天地,20240429,17,1018,,,,,,,,,,,0
 无锡映月湖     ,映月天地,20240429,18,1198,,,,,,,,,,,0
 无锡映月湖     ,映月天地,20240429,19,1103,,,,,,,,,,,0
 无锡映月湖     ,映月天地,20240429,20,1032,,,,,,,,,,,0
 无锡映月湖     ,映月天地,20240429,21,673,,,,,,,,,,,0
 无锡映月湖     ,映月天地,20240429,22,346,,,,,,,,,,,0
 无锡映月湖     ,映月天地,20240429,23,169,,,,,,,,,,,0
 无锡映月湖     ,映月天地,20240430,0,140,,,,,,,,,,,0
 无锡映月湖     ,映月天地,20240430,1,72,,,,,,,,,,,0
 无锡映月湖     ,映月湖中央公园,20240424,0,968,,,,,,,,,,,0
 无锡映月湖     ,映月湖中央公园,20240424,11,3649,,,,,,,,,,,0
 无锡映月湖     ,映月湖中央公园,20240424,15,3935,,,,,,,,,,,0
 无锡映月湖     ,映月湖中央公园,20240424,19,5136,,,,,,,,,,,0
 无锡映月湖     ,映月湖中央公园,20240424,22,2247,,,,,,,,,,,0
 无锡映月湖     ,映月湖中央公园,20240424,4,295,,,,,,,,,,,0
 无锡映月湖     ,映月湖中央公园,20240424,8,5195,,,,,,,,,,,0
 无锡映月湖     ,映月湖中央公园,20240425,1,526,,,,,,,,,,,0
 无锡映月湖     ,映月湖中央公园,20240425,12,3712,,,,,,,,,,,0
 无锡映月湖     ,映月湖中央公园,20240425,16,4525,,,,,,,,,,,0
 无锡映月湖     ,映月湖中央公园,20240425,23,1595,,,,,,,,,,,0
 无锡映月湖     ,映月湖中央公园,20240425,5,791,,,,,,,,,,,0
 无锡映月湖     ,映月湖中央公园,20240425,9,3805,,,,,,,,,,,0
 无锡映月湖     ,映月湖中央公园,20240426,13,3954,,,,,,,,,,,0
 无锡映月湖     ,映月湖中央公园,20240426,17,7062,,,,,,,,,,,0
 无锡映月湖     ,映月湖中央公园,20240426,2,485,,,,,,,,,,,0
 无锡映月湖     ,映月湖中央公园,20240426,20,5448,,,,,,,,,,,0
 无锡映月湖     ,映月湖中央公园,20240426,6,2451,,,,,,,,,,,0
 无锡映月湖     ,映月湖中央公园,20240427,10,4326,,,,,,,,,,,0
 无锡映月湖     ,映月湖中央公园,20240427,14,5221,,,,,,,,,,,0
 无锡映月湖     ,映月湖中央公园,20240427,18,4723,,,,,,,,,,,0
 无锡映月湖     ,映月湖中央公园,20240427,21,3434,,,,,,,,,,,0
 无锡映月湖     ,映月湖中央公园,20240427,3,540,,,,,,,,,,,0
 无锡映月湖     ,映月湖中央公园,20240427,7,3390,,,,,,,,,,,0
 无锡映月湖     ,映月湖中央公园,20240428,0,935,,,,,,,,,,,0
 无锡映月湖     ,映月湖中央公园,20240428,11,3517,,,,,,,,,,,0
 无锡映月湖     ,映月湖中央公园,20240428,15,3743,,,,,,,,,,,0
 无锡映月湖     ,映月湖中央公园,20240428,19,4492,,,,,,,,,,,0
 无锡映月湖     ,映月湖中央公园,20240428,22,1984,,,,,,,,,,,0
 无锡映月湖     ,映月湖中央公园,20240428,4,323,,,,,,,,,,,0
 无锡映月湖     ,映月湖中央公园,20240428,8,5257,,,,,,,,,,,0
 无锡映月湖     ,映月湖中央公园,20240429,1,465,,,,,,,,,,,0
 无锡映月湖     ,映月湖中央公园,20240429,12,3889,,,,,,,,,,,0
 无锡映月湖     ,映月湖中央公园,20240429,16,4926,,,,,,,,,,,0
 无锡映月湖     ,映月湖中央公园,20240429,23,1980,,,,,,,,,,,0
 无锡映月湖     ,映月湖中央公园,20240429,5,797,,,,,,,,,,,0
 无锡映月湖     ,映月湖中央公园,20240429,9,4017,,,,,,,,,,,0
 无锡映月湖     ,映月湖中央公园,20240430,10,3416,,,,,,,,,,,0
 无锡映月湖     ,映月湖中央公园,20240430,14,4054,,,,,,,,,,,0
 无锡映月湖     ,映月湖中央公园,20240430,18,5416,,,,,,,,,,,0
 无锡映月湖     ,映月湖中央公园,20240430,21,3528,,,,,,,,,,,0
 无锡映月湖     ,映月湖中央公园,20240430,3,507,,,,,,,,,,,0
 无锡映月湖     ,映月湖中央公园,20240430,7,5797,,,,,,,,,,,0
 无锡映月湖     ,映月湖中央公园,20240501,0,1143,2259,20003,10256,0.69,19956,12626,990,546,362,128,1
 无锡映月湖     ,映月湖中央公园,20240501,11,4987,2259,20003,10256,0.69,19956,12626,990,546,362,128,1
 无锡映月湖     ,映月湖中央公园,20240501,15,5243,2259,20003,10256,0.69,19956,12626,990,546,362,128,1
 无锡映月湖     ,映月湖中央公园,20240501,19,7694,2259,20003,10256,0.69,19956,12626,990,546,362,128,1
 无锡映月湖     ,映月湖中央公园,20240501,22,3188,2259,20003,10256,0.69,19956,12626,990,546,362,128,1
 无锡映月湖     ,映月湖中央公园,20240501,4,396,2259,20003,10256,0.69,19956,12626,990,546,362,128,1
 无锡映月湖     ,映月湖中央公园,20240501,8,3429,2259,20003,10256,0.69,19956,12626,990,546,362,128,1
 无锡映月湖     ,映月湖中央公园,20240502,1,703,1847,18503,9686,0.64,18533,11554,857,549,388,145,1
 无锡映月湖     ,映月湖中央公园,20240502,12,4468,1847,18503,9686,0.64,18533,11554,857,549,388,145,1
 无锡映月湖     ,映月湖中央公园,20240502,16,5313,1847,18503,9686,0.64,18533,11554,857,549,388,145,1
 无锡映月湖     ,映月湖中央公园,20240502,23,2136,1847,18503,9686,0.64,18533,11554,857,549,388,145,1
 无锡映月湖     ,映月湖中央公园,20240502,5,828,1847,18503,9686,0.64,18533,11554,857,549,388,145,1
 无锡映月湖     ,映月湖中央公园,20240502,9,4469,1847,18503,9686,0.64,18533,11554,857,549,388,145,1
 无锡映月湖     ,映月湖中央公园,20240503,13,5038,1828,17806,9529,0.62,18080,11120,864,501,380,133,1
 无锡映月湖     ,映月湖中央公园,20240503,17,5398,1828,17806,9529,0.62,18080,11120,864,501,380,133,1
 无锡映月湖     ,映月湖中央公园,20240503,2,416,1828,17806,9529,0.62,18080,11120,864,501,380,133,1
 无锡映月湖     ,映月湖中央公园,20240503,20,5578,1828,17806,9529,0.62,18080,11120,864,501,380,133,1
 无锡映月湖     ,映月湖中央公园,20240503,6,1593,1828,17806,9529,0.62,18080,11120,864,501,380,133,1
 无锡映月湖     ,映月湖中央公园,20240504,10,3875,1562,15385,8123,0.6,15807,9310,579,347,291,112,1
 无锡映月湖     ,映月湖中央公园,20240504,14,4107,1562,15385,8123,0.6,15807,9310,579,347,291,112,1
 无锡映月湖     ,映月湖中央公园,20240504,18,4559,1562,15385,8123,0.6,15807,9310,579,347,291,112,1
 无锡映月湖     ,映月湖中央公园,20240504,21,3041,1562,15385,8123,0.6,15807,9310,579,347,291,112,1
 无锡映月湖     ,映月湖中央公园,20240504,3,413,1562,15385,8123,0.6,15807,9310,579,347,291,112,1
 无锡映月湖     ,映月湖中央公园,20240504,7,2840,1562,15385,8123,0.6,15807,9310,579,347,291,112,1
 无锡映月湖     ,映月湖中央公园,20240505,0,979,1804,16209,8971,0.63,15807,9310,559,331,228,117,1
 无锡映月湖     ,映月湖中央公园,20240505,11,3799,1804,16209,8971,0.63,15807,9310,559,331,228,117,1
 无锡映月湖     ,映月湖中央公园,20240505,15,4671,1804,16209,8971,0.63,15807,9310,559,331,228,117,1
 无锡映月湖     ,映月湖中央公园,20240505,19,5004,1804,16209,8971,0.63,15807,9310,559,331,228,117,1
 无锡映月湖     ,映月湖中央公园,20240505,22,2149,1804,16209,8971,0.63,15807,9310,559,331,228,117,1
 无锡映月湖     ,映月湖中央公园,20240505,4,335,1804,16209,8971,0.63,15807,9310,559,331,228,117,1
 无锡映月湖     ,映月湖中央公园,20240505,8,3563,1804,16209,8971,0.63,15807,9310,559,331,228,117,1
 无锡映月湖     ,映月湖公园,20240424,10,6555,,,,,,,,,,,0
 无锡映月湖     ,映月湖公园,20240424,14,6926,,,,,,,,,,,0
 无锡映月湖     ,映月湖公园,20240424,18,10493,,,,,,,,,,,0
 无锡映月湖     ,映月湖公园,20240424,21,6408,,,,,,,,,,,0
 无锡映月湖     ,映月湖公园,20240424,3,930,,,,,,,,,,,0
 无锡映月湖     ,映月湖公园,20240424,7,11678,,,,,,,,,,,0
 无锡映月湖     ,映月湖公园,20240425,0,1781,,,,,,,,,,,0
 无锡映月湖     ,映月湖公园,20240425,11,6534,,,,,,,,,,,0
 无锡映月湖     ,映月湖公园,20240425,15,7298,,,,,,,,,,,0
 无锡映月湖     ,映月湖公园,20240425,19,8705,,,,,,,,,,,0
 无锡映月湖     ,映月湖公园,20240425,22,3656,,,,,,,,,,,0
 无锡映月湖     ,映月湖公园,20240425,4,533,,,,,,,,,,,0
 无锡映月湖     ,映月湖公园,20240425,8,8454,,,,,,,,,,,0
 无锡映月湖     ,映月湖公园,20240426,1,804,,,,,,,,,,,0
 无锡映月湖     ,映月湖公园,20240426,12,7299,,,,,,,,,,,0
 无锡映月湖     ,映月湖公园,20240426,16,11146,,,,,,,,,,,0
 无锡映月湖     ,映月湖公园,20240426,23,3340,,,,,,,,,,,0
 无锡映月湖     ,映月湖公园,20240426,5,1430,,,,,,,,,,,0
 无锡映月湖     ,映月湖公园,20240426,9,7389,,,,,,,,,,,0
 无锡映月湖     ,映月湖公园,20240427,13,8628,,,,,,,,,,,0
 无锡映月湖     ,映月湖公园,20240427,17,10576,,,,,,,,,,,0
 无锡映月湖     ,映月湖公园,20240427,2,785,,,,,,,,,,,0
 无锡映月湖     ,映月湖公园,20240427,20,9128,,,,,,,,,,,0
 无锡映月湖     ,映月湖公园,20240427,6,3127,,,,,,,,,,,0
 无锡映月湖     ,映月湖公园,20240428,10,6232,,,,,,,,,,,0
 无锡映月湖     ,映月湖公园,20240428,14,6376,,,,,,,,,,,0
 无锡映月湖     ,映月湖公园,20240428,18,9843,,,,,,,,,,,0
 无锡映月湖     ,映月湖公园,20240428,21,5598,,,,,,,,,,,0
 无锡映月湖     ,映月湖公园,20240428,3,865,,,,,,,,,,,0
 无锡映月湖     ,映月湖公园,20240428,7,10703,,,,,,,,,,,0
 无锡映月湖     ,映月湖公园,20240429,0,1639,,,,,,,,,,,0
 无锡映月湖     ,映月湖公园,20240429,11,7204,,,,,,,,,,,0
 无锡映月湖     ,映月湖公园,20240429,15,7771,,,,,,,,,,,0
 无锡映月湖     ,映月湖公园,20240429,19,9532,,,,,,,,,,,0
 无锡映月湖     ,映月湖公园,20240429,22,4037,,,,,,,,,,,0
 无锡映月湖     ,映月湖公园,20240429,4,560,,,,,,,,,,,0
 无锡映月湖     ,映月湖公园,20240429,8,10127,,,,,,,,,,,0
 无锡映月湖     ,映月湖公园,20240430,13,7193,,,,,,,,,,,0
 无锡映月湖     ,映月湖公园,20240430,17,13275,,,,,,,,,,,0
 无锡映月湖     ,映月湖公园,20240430,2,729,,,,,,,,,,,0
 无锡映月湖     ,映月湖公园,20240430,20,7690,,,,,,,,,,,0
 无锡映月湖     ,映月湖公园,20240430,6,4670,,,,,,,,,,,0
 无锡映月湖     ,映月湖公园,20240501,10,9028,3646,31124,15884,0.64,30679,20070,4172,2591,1684,564,1
 无锡映月湖     ,映月湖公园,20240501,14,9862,3646,31124,15884,0.64,30679,20070,4172,2591,1684,564,1
 无锡映月湖     ,映月湖公园,20240501,18,11686,3646,31124,15884,0.64,30679,20070,4172,2591,1684,564,1
 无锡映月湖     ,映月湖公园,20240501,21,9490,3646,31124,15884,0.64,30679,20070,4172,2591,1684,564,1
 无锡映月湖     ,映月湖公园,20240501,3,741,3646,31124,15884,0.64,30679,20070,4172,2591,1684,564,1
 无锡映月湖     ,映月湖公园,20240501,7,4410,3646,31124,15884,0.64,30679,20070,4172,2591,1684,564,1
 无锡映月湖     ,映月湖公园,20240502,0,2173,2962,14905,29029,0.58,28495,18488,3524,2297,1582,599,1
 无锡映月湖     ,映月湖公园,20240502,11,8212,2962,14905,29029,0.58,28495,18488,3524,2297,1582,599,1
 无锡映月湖     ,映月湖公园,20240502,15,8650,2962,14905,29029,0.58,28495,18488,3524,2297,1582,599,1
 无锡映月湖     ,映月湖公园,20240502,19,11804,2962,14905,29029,0.58,28495,18488,3524,2297,1582,599,1
 无锡映月湖     ,映月湖公园,20240502,22,4726,2962,14905,29029,0.58,28495,18488,3524,2297,1582,599,1
 无锡映月湖     ,映月湖公园,20240502,4,773,2962,14905,29029,0.58,28495,18488,3524,2297,1582,599,1
 无锡映月湖     ,映月湖公园,20240502,8,6505,2962,14905,29029,0.58,28495,18488,3524,2297,1582,599,1
 无锡映月湖     ,映月湖公园,20240503,1,1144,2874,28116,14794,0.56,27828,18028,3264,2073,1537,612,1
 无锡映月湖     ,映月湖公园,20240503,12,7966,2874,28116,14794,0.56,27828,18028,3264,2073,1537,612,1
 无锡映月湖     ,映月湖公园,20240503,16,9060,2874,28116,14794,0.56,27828,18028,3264,2073,1537,612,1
 无锡映月湖     ,映月湖公园,20240503,23,3418,2874,28116,14794,0.56,27828,18028,3264,2073,1537,612,1
 无锡映月湖     ,映月湖公园,20240503,5,1255,2874,28116,14794,0.56,27828,18028,3264,2073,1537,612,1
 无锡映月湖     ,映月湖公园,20240503,9,7732,2874,28116,14794,0.56,27828,18028,3264,2073,1537,612,1
 无锡映月湖     ,映月湖公园,20240504,13,7425,2603,24686,12829,0.55,24816,15387,2144,1393,1021,530,1
 无锡映月湖     ,映月湖公园,20240504,17,9017,2603,24686,12829,0.55,24816,15387,2144,1393,1021,530,1
 无锡映月湖     ,映月湖公园,20240504,2,802,2603,24686,12829,0.55,24816,15387,2144,1393,1021,530,1
 无锡映月湖     ,映月湖公园,20240504,20,7369,2603,24686,12829,0.55,24816,15387,2144,1393,1021,530,1
 无锡映月湖     ,映月湖公园,20240504,6,2598,2603,24686,12829,0.55,24816,15387,2144,1393,1021,530,1
 无锡映月湖     ,映月湖公园,20240505,10,6723,3208,26528,14158,0.58,24816,15387,2075,1363,957,503,1
 无锡映月湖     ,映月湖公园,20240505,14,7956,3208,26528,14158,0.58,24816,15387,2075,1363,957,503,1
 无锡映月湖     ,映月湖公园,20240505,18,9557,3208,26528,14158,0.58,24816,15387,2075,1363,957,503,1
 无锡映月湖     ,映月湖公园,20240505,21,5919,3208,26528,14158,0.58,24816,15387,2075,1363,957,503,1
 无锡映月湖     ,映月湖公园,20240505,3,606,3208,26528,14158,0.58,24816,15387,2075,1363,957,503,1
 无锡映月湖     ,映月湖公园,20240505,7,4869,3208,26528,14158,0.58,24816,15387,2075,1363,957,503,1
 无锡映月湖     ,九里仓,20240424,11,1961,,,,,,,,,,,0
 无锡映月湖     ,九里仓,20240424,12,1983,,,,,,,,,,,0
 无锡映月湖     ,九里仓,20240424,13,1892,,,,,,,,,,,0
 无锡映月湖     ,九里仓,20240424,14,1782,,,,,,,,,,,0
 无锡映月湖     ,九里仓,20240424,15,2063,,,,,,,,,,,0
 无锡映月湖     ,九里仓,20240424,16,2626,,,,,,,,,,,0
 无锡映月湖     ,九里仓,20240425,11,1854,,,,,,,,,,,0
 无锡映月湖     ,九里仓,20240425,12,1936,,,,,,,,,,,0
 无锡映月湖     ,九里仓,20240425,13,1838,,,,,,,,,,,0
 无锡映月湖     ,九里仓,20240425,14,1663,,,,,,,,,,,0
 无锡映月湖     ,九里仓,20240425,15,1856,,,,,,,,,,,0
 无锡映月湖     ,九里仓,20240425,16,2580,,,,,,,,,,,0
 无锡映月湖     ,九里仓,20240425,17,3582,,,,,,,,,,,0
 无锡映月湖     ,九里仓,20240426,13,1962,,,,,,,,,,,0
 无锡映月湖     ,九里仓,20240426,14,1827,,,,,,,,,,,0
 无锡映月湖     ,九里仓,20240426,15,2304,,,,,,,,,,,0
 无锡映月湖     ,九里仓,20240426,16,2993,,,,,,,,,,,0
 无锡映月湖     ,九里仓,20240426,17,4009,,,,,,,,,,,0
 无锡映月湖     ,九里仓,20240426,18,3811,,,,,,,,,,,0
 无锡映月湖     ,九里仓,20240427,13,2410,,,,,,,,,,,0
 无锡映月湖     ,九里仓,20240427,14,2487,,,,,,,,,,,0
 无锡映月湖     ,九里仓,20240427,15,2837,,,,,,,,,,,0
 无锡映月湖     ,九里仓,20240427,16,2557,,,,,,,,,,,0
 无锡映月湖     ,九里仓,20240427,17,3177,,,,,,,,,,,0
 无锡映月湖     ,九里仓,20240428,11,1780,,,,,,,,,,,0
 无锡映月湖     ,九里仓,20240428,12,1789,,,,,,,,,,,0
 无锡映月湖     ,九里仓,20240428,13,1697,,,,,,,,,,,0
 无锡映月湖     ,九里仓,20240428,14,1642,,,,,,,,,,,0
 无锡映月湖     ,九里仓,20240428,15,1889,,,,,,,,,,,0
 无锡映月湖     ,九里仓,20240428,16,2473,,,,,,,,,,,0
 无锡映月湖     ,九里仓,20240502,11,2420,934,10123,4990,0.67,9533,6547,1624,856,429,210,1
 无锡映月湖     ,九里仓,20240502,12,2592,934,10123,4990,0.67,9533,6547,1624,856,429,210,1
 无锡映月湖     ,九里仓,20240502,13,2818,934,10123,4990,0.67,9533,6547,1624,856,429,210,1
 无锡映月湖     ,九里仓,20240502,14,2701,934,10123,4990,0.67,9533,6547,1624,856,429,210,1
 无锡映月湖     ,九里仓,20240502,15,2601,934,10123,4990,0.67,9533,6547,1624,856,429,210,1
 无锡映月湖     ,九里仓,20240502,16,2850,934,10123,4990,0.67,9533,6547,1624,856,429,210,1
 无锡映月湖     ,九里仓,20240502,17,3489,934,10123,4990,0.67,9533,6547,1624,856,429,210,1
 无锡映月湖     ,九里仓,20240502,18,4582,934,10123,4990,0.67,9533,6547,1624,856,429,210,1
 无锡映月湖     ,九里仓,20240502,19,5777,934,10123,4990,0.67,9533,6547,1624,856,429,210,1
 无锡映月湖     ,九里仓,20240502,20,5054,934,10123,4990,0.67,9533,6547,1624,856,429,210,1
 无锡映月湖     ,九里仓,20240502,21,3026,934,10123,4990,0.67,9533,6547,1624,856,429,210,1
 无锡映月湖     ,九里仓,20240502,22,1415,934,10123,4990,0.67,9533,6547,1624,856,429,210,1
 无锡映月湖     ,九里仓,20240502,23,740,934,10123,4990,0.67,9533,6547,1624,856,429,210,1
 无锡映月湖     ,九里仓,20240503,0,583,918,9300,4634,0.65,8868,6015,1375,753,409,193,1
 无锡映月湖     ,九里仓,20240503,1,347,918,9300,4634,0.65,8868,6015,1375,753,409,193,1
 无锡映月湖     ,九里仓,20240503,2,205,918,9300,4634,0.65,8868,6015,1375,753,409,193,1
 无锡映月湖     ,九里仓,20240503,3,106,918,9300,4634,0.65,8868,6015,1375,753,409,193,1
 无锡映月湖     ,九里仓,20240503,4,110,918,9300,4634,0.65,8868,6015,1375,753,409,193,1
 无锡映月湖     ,九里仓,20240503,5,283,918,9300,4634,0.65,8868,6015,1375,753,409,193,1
 无锡映月湖     ,九里仓,20240503,6,585,918,9300,4634,0.65,8868,6015,1375,753,409,193,1
 无锡映月湖     ,九里仓,20240503,7,960,918,9300,4634,0.65,8868,6015,1375,753,409,193,1
 无锡映月湖     ,九里仓,20240503,8,1451,918,9300,4634,0.65,8868,6015,1375,753,409,193,1
 无锡映月湖     ,九里仓,20240503,9,1815,918,9300,4634,0.65,8868,6015,1375,753,409,193,1
 无锡映月湖     ,九里仓,20240503,10,2056,918,9300,4634,0.65,8868,6015,1375,753,409,193,1
 无锡映月湖     ,九里仓,20240503,11,2200,918,9300,4634,0.65,8868,6015,1375,753,409,193,1
 无锡映月湖     ,九里仓,20240503,12,2359,918,9300,4634,0.65,8868,6015,1375,753,409,193,1
 无锡映月湖     ,九里仓,20240503,13,2609,918,9300,4634,0.65,8868,6015,1375,753,409,193,1
 无锡映月湖     ,九里仓,20240503,14,2499,918,9300,4634,0.65,8868,6015,1375,753,409,193,1
 无锡映月湖     ,九里仓,20240503,15,2610,918,9300,4634,0.65,8868,6015,1375,753,409,193,1
 无锡映月湖     ,九里仓,20240503,16,2662,918,9300,4634,0.65,8868,6015,1375,753,409,193,1
 无锡映月湖     ,九里仓,20240503,17,3540,918,9300,4634,0.65,8868,6015,1375,753,409,193,1
 无锡映月湖     ,九里仓,20240503,18,4088,918,9300,4634,0.65,8868,6015,1375,753,409,193,1
 无锡映月湖     ,九里仓,20240503,19,4877,918,9300,4634,0.65,8868,6015,1375,753,409,193,1
 无锡映月湖     ,九里仓,20240503,20,4284,918,9300,4634,0.65,8868,6015,1375,753,409,193,1
 无锡映月湖     ,九里仓,20240503,21,2865,918,9300,4634,0.65,8868,6015,1375,753,409,193,1
 无锡映月湖     ,九里仓,20240503,22,1438,918,9300,4634,0.65,8868,6015,1375,753,409,193,1
 无锡映月湖     ,九里仓,20240503,23,701,918,9300,4634,0.65,8868,6015,1375,753,409,193,1
 无锡映月湖     ,九里仓,20240504,0,551,341,2966,1448,0.63,7155,4453,869,470,333,196,1
 无锡映月湖     ,九里仓,20240504,1,332,341,2966,1448,0.63,7155,4453,869,470,333,196,1
 无锡映月湖     ,九里仓,20240504,2,171,341,2966,1448,0.63,7155,4453,869,470,333,196,1
 无锡映月湖     ,九里仓,20240504,3,115,341,2966,1448,0.63,7155,4453,869,470,333,196,1
 无锡映月湖     ,九里仓,20240504,4,133,341,2966,1448,0.63,7155,4453,869,470,333,196,1
 无锡映月湖     ,映月天地,20240430,2,61,,,,,,,,,,,0
 无锡映月湖     ,映月天地,20240430,3,19,,,,,,,,,,,0
 无锡映月湖     ,映月天地,20240430,4,9,,,,,,,,,,,0
 无锡映月湖     ,映月天地,20240430,5,107,,,,,,,,,,,0
 无锡映月湖     ,映月天地,20240430,6,267,,,,,,,,,,,0
 无锡映月湖     ,映月天地,20240430,7,686,,,,,,,,,,,0
 无锡映月湖     ,映月天地,20240430,8,764,,,,,,,,,,,0
 无锡映月湖     ,映月天地,20240430,9,534,,,,,,,,,,,0
 无锡映月湖     ,映月天地,20240430,10,501,,,,,,,,,,,0
 无锡映月湖     ,映月天地,20240430,11,595,,,,,,,,,,,0
 无锡映月湖     ,映月天地,20240430,12,645,,,,,,,,,,,0
 无锡映月湖     ,映月天地,20240430,13,638,,,,,,,,,,,0
 无锡映月湖     ,映月天地,20240430,14,527,,,,,,,,,,,0
 无锡映月湖     ,映月天地,20240430,15,639,,,,,,,,,,,0
 无锡映月湖     ,映月天地,20240430,16,678,,,,,,,,,,,0
 无锡映月湖     ,映月天地,20240430,17,1075,,,,,,,,,,,0
 无锡映月湖     ,映月天地,20240430,18,1051,,,,,,,,,,,0
 无锡映月湖     ,映月天地,20240430,19,839,,,,,,,,,,,0
 无锡映月湖     ,映月天地,20240430,20,769,,,,,,,,,,,0
 无锡映月湖     ,映月天地,20240430,21,641,,,,,,,,,,,0
 无锡映月湖     ,映月天地,20240430,22,381,,,,,,,,,,,0
 无锡映月湖     ,映月天地,20240430,23,175,,,,,,,,,,,0
 无锡映月湖     ,映月天地,20240501,0,124,555,4712,2488,0.83,4500,3281,461,452,367,96,1
 无锡映月湖     ,映月天地,20240501,1,70,555,4712,2488,0.83,4500,3281,461,452,367,96,1
 无锡映月湖     ,映月天地,20240501,2,66,555,4712,2488,0.83,4500,3281,461,452,367,96,1
 无锡映月湖     ,映月天地,20240501,3,43,555,4712,2488,0.83,4500,3281,461,452,367,96,1
 无锡映月湖     ,映月天地,20240501,4,10,555,4712,2488,0.83,4500,3281,461,452,367,96,1
 无锡映月湖     ,映月天地,20240501,5,78,555,4712,2488,0.83,4500,3281,461,452,367,96,1
 无锡映月湖     ,映月天地,20240501,6,212,555,4712,2488,0.83,4500,3281,461,452,367,96,1
 无锡映月湖     ,映月天地,20240501,7,286,555,4712,2488,0.83,4500,3281,461,452,367,96,1
 无锡映月湖     ,映月天地,20240501,8,518,555,4712,2488,0.83,4500,3281,461,452,367,96,1
 无锡映月湖     ,映月天地,20240501,9,714,555,4712,2488,0.83,4500,3281,461,452,367,96,1
 无锡映月湖     ,映月天地,20240501,10,874,555,4712,2488,0.83,4500,3281,461,452,367,96,1
 无锡映月湖     ,映月天地,20240501,11,1154,555,4712,2488,0.83,4500,3281,461,452,367,96,1
 无锡映月湖     ,映月天地,20240501,12,1193,555,4712,2488,0.83,4500,3281,461,452,367,96,1
 无锡映月湖     ,映月天地,20240501,13,1358,555,4712,2488,0.83,4500,3281,461,452,367,96,1
 无锡映月湖     ,映月天地,20240501,14,1124,555,4712,2488,0.83,4500,3281,461,452,367,96,1
 无锡映月湖     ,映月天地,20240501,15,1102,555,4712,2488,0.83,4500,3281,461,452,367,96,1
 无锡映月湖     ,映月天地,20240501,16,1136,555,4712,2488,0.83,4500,3281,461,452,367,96,1
 无锡映月湖     ,映月天地,20240501,17,1454,555,4712,2488,0.83,4500,3281,461,452,367,96,1
 无锡映月湖     ,映月天地,20240501,18,1697,555,4712,2488,0.83,4500,3281,461,452,367,96,1
 无锡映月湖     ,映月天地,20240501,19,2359,555,4712,2488,0.83,4500,3281,461,452,367,96,1
 无锡映月湖     ,映月天地,20240501,20,2210,555,4712,2488,0.83,4500,3281,461,452,367,96,1
 无锡映月湖     ,映月天地,20240501,21,1339,555,4712,2488,0.83,4500,3281,461,452,367,96,1
 无锡映月湖     ,映月天地,20240501,22,590,555,4712,2488,0.83,4500,3281,461,452,367,96,1
 无锡映月湖     ,映月天地,20240501,23,271,555,4712,2488,0.83,4500,3281,461,452,367,96,1
 无锡映月湖     ,映月天地,20240502,0,176,507,4056,2281,0.76,3956,2906,427,460,312,87,1
 无锡映月湖     ,映月天地,20240502,1,91,507,4056,2281,0.76,3956,2906,427,460,312,87,1
 无锡映月湖     ,映月天地,20240502,2,29,507,4056,2281,0.76,3956,2906,427,460,312,87,1
 无锡映月湖     ,映月天地,20240502,3,6,507,4056,2281,0.76,3956,2906,427,460,312,87,1
 无锡映月湖     ,映月天地,20240502,4,19,507,4056,2281,0.76,3956,2906,427,460,312,87,1
 无锡映月湖     ,映月天地,20240502,5,113,507,4056,2281,0.76,3956,2906,427,460,312,87,1
 无锡映月湖     ,映月天地,20240502,6,214,507,4056,2281,0.76,3956,2906,427,460,312,87,1
 无锡映月湖     ,映月天地,20240502,7,362,507,4056,2281,0.76,3956,2906,427,460,312,87,1
 无锡映月湖     ,映月天地,20240502,8,573,507,4056,2281,0.76,3956,2906,427,460,312,87,1
 无锡映月湖     ,映月天地,20240502,9,728,507,4056,2281,0.76,3956,2906,427,460,312,87,1
 无锡映月湖     ,映月天地,20240502,10,992,507,4056,2281,0.76,3956,2906,427,460,312,87,1
 无锡映月湖     ,映月天地,20240502,11,1146,507,4056,2281,0.76,3956,2906,427,460,312,87,1
 无锡映月湖     ,映月天地,20240502,12,1161,507,4056,2281,0.76,3956,2906,427,460,312,87,1
 无锡映月湖     ,映月天地,20240502,13,1256,507,4056,2281,0.76,3956,2906,427,460,312,87,1
 无锡映月湖     ,映月天地,20240502,14,1036,507,4056,2281,0.76,3956,2906,427,460,312,87,1
 无锡映月湖     ,映月天地,20240502,15,946,507,4056,2281,0.76,3956,2906,427,460,312,87,1
 无锡映月湖     ,映月天地,20240502,16,1038,507,4056,2281,0.76,3956,2906,427,460,312,87,1
 无锡映月湖     ,映月天地,20240502,17,1303,507,4056,2281,0.76,3956,2906,427,460,312,87,1
 无锡映月湖     ,映月天地,20240502,18,1517,507,4056,2281,0.76,3956,2906,427,460,312,87,1
 无锡映月湖     ,映月天地,20240502,19,1893,507,4056,2281,0.76,3956,2906,427,460,312,87,1
 无锡映月湖     ,映月天地,20240502,20,1727,507,4056,2281,0.76,3956,2906,427,460,312,87,1
 无锡映月湖     ,映月天地,20240502,21,1097,507,4056,2281,0.76,3956,2906,427,460,312,87,1
 无锡映月湖     ,映月天地,20240502,22,488,507,4056,2281,0.76,3956,2906,427,460,312,87,1
 无锡映月湖     ,映月天地,20240502,23,252,507,4056,2281,0.76,3956,2906,427,460,312,87,1
 无锡映月湖     ,映月湖中央公园,20240424,1,673,,,,,,,,,,,0
 无锡映月湖     ,映月湖中央公园,20240424,12,3850,,,,,,,,,,,0
 无锡映月湖     ,映月湖中央公园,20240424,16,4784,,,,,,,,,,,0
 无锡映月湖     ,映月湖中央公园,20240424,23,1652,,,,,,,,,,,0
 无锡映月湖     ,映月湖中央公园,20240424,5,815,,,,,,,,,,,0
 无锡映月湖     ,映月湖中央公园,20240424,9,3871,,,,,,,,,,,0
 无锡映月湖     ,映月湖中央公园,20240425,13,3727,,,,,,,,,,,0
 无锡映月湖     ,映月湖中央公园,20240425,17,6206,,,,,,,,,,,0
 无锡映月湖     ,映月湖中央公园,20240425,2,405,,,,,,,,,,,0
 无锡映月湖     ,映月湖中央公园,20240425,20,4584,,,,,,,,,,,0
 无锡映月湖     ,映月湖中央公园,20240425,6,2215,,,,,,,,,,,0
 无锡映月湖     ,映月湖中央公园,20240426,10,3491,,,,,,,,,,,0
 无锡映月湖     ,映月湖中央公园,20240426,14,4307,,,,,,,,,,,0
 无锡映月湖     ,映月湖中央公园,20240426,18,6600,,,,,,,,,,,0
 无锡映月湖     ,映月湖中央公园,20240426,21,4143,,,,,,,,,,,0
 无锡映月湖     ,映月湖中央公园,20240426,3,520,,,,,,,,,,,0
 无锡映月湖     ,映月湖中央公园,20240426,7,5467,,,,,,,,,,,0
 无锡映月湖     ,映月湖中央公园,20240427,0,1076,,,,,,,,,,,0
 无锡映月湖     ,映月湖中央公园,20240427,11,4470,,,,,,,,,,,0
 无锡映月湖     ,映月湖中央公园,20240427,15,5526,,,,,,,,,,,0
 无锡映月湖     ,映月湖中央公园,20240427,19,5384,,,,,,,,,,,0
 无锡映月湖     ,映月湖中央公园,20240427,22,2207,,,,,,,,,,,0
 无锡映月湖     ,映月湖中央公园,20240427,4,290,,,,,,,,,,,0
 无锡映月湖     ,映月湖中央公园,20240427,8,3976,,,,,,,,,,,0
 无锡映月湖     ,映月湖中央公园,20240428,1,509,,,,,,,,,,,0
 无锡映月湖     ,映月湖中央公园,20240428,12,3373,,,,,,,,,,,0
 无锡映月湖     ,映月湖中央公园,20240428,16,4696,,,,,,,,,,,0
 无锡映月湖     ,映月湖中央公园,20240428,23,1713,,,,,,,,,,,0
 无锡映月湖     ,映月湖中央公园,20240428,5,761,,,,,,,,,,,0
 无锡映月湖     ,映月湖中央公园,20240428,9,3671,,,,,,,,,,,0
 无锡映月湖     ,映月湖中央公园,20240429,13,4186,,,,,,,,,,,0
 无锡映月湖     ,映月湖中央公园,20240429,17,6709,,,,,,,,,,,0
 无锡映月湖     ,映月湖中央公园,20240429,2,417,,,,,,,,,,,0
 无锡映月湖     ,映月湖中央公园,20240429,20,5256,,,,,,,,,,,0
 无锡映月湖     ,映月湖中央公园,20240429,6,2590,,,,,,,,,,,0
 无锡映月湖     ,映月湖中央公园,20240430,0,980,,,,,,,,,,,0
 无锡映月湖     ,映月湖中央公园,20240430,11,3648,,,,,,,,,,,0
 无锡映月湖     ,映月湖中央公园,20240430,15,4642,,,,,,,,,,,0
 无锡映月湖     ,映月湖中央公园,20240430,19,4478,,,,,,,,,,,0
 无锡映月湖     ,映月湖中央公园,20240430,22,2662,,,,,,,,,,,0
 无锡映月湖     ,映月湖中央公园,20240430,4,407,,,,,,,,,,,0
 无锡映月湖     ,映月湖中央公园,20240430,8,5162,,,,,,,,,,,0
 无锡映月湖     ,映月湖中央公园,20240501,1,702,2259,20003,10256,0.69,19956,12626,990,546,362,128,1
 无锡映月湖     ,映月湖中央公园,20240501,12,4656,2259,20003,10256,0.69,19956,12626,990,546,362,128,1
 无锡映月湖     ,映月湖中央公园,20240501,16,5531,2259,20003,10256,0.69,19956,12626,990,546,362,128,1
 无锡映月湖     ,映月湖中央公园,20240501,23,2095,2259,20003,10256,0.69,19956,12626,990,546,362,128,1
 无锡映月湖     ,映月湖中央公园,20240501,5,793,2259,20003,10256,0.69,19956,12626,990,546,362,128,1
 无锡映月湖     ,映月湖中央公园,20240501,9,4408,2259,20003,10256,0.69,19956,12626,990,546,362,128,1
 无锡映月湖     ,映月湖中央公园,20240502,13,5216,1847,18503,9686,0.64,18533,11554,857,549,388,145,1
 无锡映月湖     ,映月湖中央公园,20240502,17,5391,1847,18503,9686,0.64,18533,11554,857,549,388,145,1
 无锡映月湖     ,映月湖中央公园,20240502,2,559,1847,18503,9686,0.64,18533,11554,857,549,388,145,1
 无锡映月湖     ,映月湖中央公园,20240502,20,6107,1847,18503,9686,0.64,18533,11554,857,549,388,145,1
 无锡映月湖     ,映月湖中央公园,20240502,6,1743,1847,18503,9686,0.64,18533,11554,857,549,388,145,1
 无锡映月湖     ,映月湖中央公园,20240503,10,4791,1828,17806,9529,0.62,18080,11120,864,501,380,133,1
 无锡映月湖     ,映月湖中央公园,20240503,14,4919,1828,17806,9529,0.62,18080,11120,864,501,380,133,1
 无锡映月湖     ,映月湖中央公园,20240503,18,5407,1828,17806,9529,0.62,18080,11120,864,501,380,133,1
 无锡映月湖     ,映月湖中央公园,20240503,21,4086,1828,17806,9529,0.62,18080,11120,864,501,380,133,1
 无锡映月湖     ,映月湖中央公园,20240503,3,261,1828,17806,9529,0.62,18080,11120,864,501,380,133,1
 无锡映月湖     ,映月湖中央公园,20240503,7,2865,1828,17806,9529,0.62,18080,11120,864,501,380,133,1
 无锡映月湖     ,映月湖中央公园,20240504,0,1101,1562,15385,8123,0.6,15807,9310,579,347,291,112,1
 无锡映月湖     ,映月湖中央公园,20240504,11,3898,1562,15385,8123,0.6,15807,9310,579,347,291,112,1
 无锡映月湖     ,映月湖中央公园,20240504,15,4095,1562,15385,8123,0.6,15807,9310,579,347,291,112,1
 无锡映月湖     ,映月湖中央公园,20240504,19,4578,1562,15385,8123,0.6,15807,9310,579,347,291,112,1
 无锡映月湖     ,映月湖中央公园,20240504,22,2277,1562,15385,8123,0.6,15807,9310,579,347,291,112,1
 无锡映月湖     ,映月湖中央公园,20240504,4,292,1562,15385,8123,0.6,15807,9310,579,347,291,112,1
 无锡映月湖     ,映月湖中央公园,20240504,8,3245,1562,15385,8123,0.6,15807,9310,579,347,291,112,1
 无锡映月湖     ,映月湖中央公园,20240505,1,564,1804,16209,8971,0.63,15807,9310,559,331,228,117,1
 无锡映月湖     ,映月湖中央公园,20240505,12,3973,1804,16209,8971,0.63,15807,9310,559,331,228,117,1
 无锡映月湖     ,映月湖中央公园,20240505,16,4487,1804,16209,8971,0.63,15807,9310,559,331,228,117,1
 无锡映月湖     ,映月湖中央公园,20240505,23,1715,1804,16209,8971,0.63,15807,9310,559,331,228,117,1
 无锡映月湖     ,映月湖中央公园,20240505,5,595,1804,16209,8971,0.63,15807,9310,559,331,228,117,1
 无锡映月湖     ,映月湖中央公园,20240505,9,3533,1804,16209,8971,0.63,15807,9310,559,331,228,117,1
 无锡映月湖     ,映月湖公园,20240424,0,1835,,,,,,,,,,,0
 无锡映月湖     ,映月湖公园,20240424,11,7156,,,,,,,,,,,0
 无锡映月湖     ,映月湖公园,20240424,15,7722,,,,,,,,,,,0
 无锡映月湖     ,映月湖公园,20240424,19,9463,,,,,,,,,,,0
 无锡映月湖     ,映月湖公园,20240424,22,3956,,,,,,,,,,,0
 无锡映月湖     ,映月湖公园,20240424,4,560,,,,,,,,,,,0
 无锡映月湖     ,映月湖公园,20240424,8,10143,,,,,,,,,,,0
 无锡映月湖     ,映月湖公园,20240425,1,1004,,,,,,,,,,,0
 无锡映月湖     ,映月湖公园,20240425,12,6915,,,,,,,,,,,0
 无锡映月湖     ,映月湖公园,20240425,16,9529,,,,,,,,,,,0
 无锡映月湖     ,映月湖公园,20240425,23,2799,,,,,,,,,,,0
 无锡映月湖     ,映月湖公园,20240425,5,1406,,,,,,,,,,,0
 无锡映月湖     ,映月湖公园,20240425,9,7415,,,,,,,,,,,0
 无锡映月湖     ,映月湖公园,20240426,13,7610,,,,,,,,,,,0
 无锡映月湖     ,映月湖公园,20240426,17,13602,,,,,,,,,,,0
 无锡映月湖     ,映月湖公园,20240426,2,762,,,,,,,,,,,0
 无锡映月湖     ,映月湖公园,20240426,20,9834,,,,,,,,,,,0
 无锡映月湖     ,映月湖公园,20240426,6,4360,,,,,,,,,,,0
 无锡映月湖     ,映月湖公园,20240427,10,7755,,,,,,,,,,,0
 无锡映月湖     ,映月湖公园,20240427,14,9200,,,,,,,,,,,0
 无锡映月湖     ,映月湖公园,20240427,18,9470,,,,,,,,,,,0
 无锡映月湖     ,映月湖公园,20240427,21,5978,,,,,,,,,,,0
 无锡映月湖     ,映月湖公园,20240427,3,956,,,,,,,,,,,0
 无锡映月湖     ,映月湖公园,20240427,7,5734,,,,,,,,,,,0
 无锡映月湖     ,映月湖公园,20240428,0,1720,,,,,,,,,,,0
 无锡映月湖     ,映月湖公园,20240428,11,6514,,,,,,,,,,,0
 无锡映月湖     ,映月湖公园,20240428,15,7179,,,,,,,,,,,0
 无锡映月湖     ,映月湖公园,20240428,19,8016,,,,,,,,,,,0
 无锡映月湖     ,映月湖公园,20240428,22,3411,,,,,,,,,,,0
 无锡映月湖     ,映月湖公园,20240428,4,520,,,,,,,,,,,0
 无锡映月湖     ,映月湖公园,20240428,8,9489,,,,,,,,,,,0
 无锡映月湖     ,映月湖公园,20240429,1,829,,,,,,,,,,,0
 无锡映月湖     ,映月湖公园,20240429,12,7094,,,,,,,,,,,0
 无锡映月湖     ,映月湖公园,20240429,16,9645,,,,,,,,,,,0
 无锡映月湖     ,映月湖公园,20240429,23,3138,,,,,,,,,,,0
 无锡映月湖     ,映月湖公园,20240429,5,1413,,,,,,,,,,,0
 无锡映月湖     ,映月湖公园,20240429,9,7166,,,,,,,,,,,0
 无锡映月湖     ,映月湖公园,20240430,10,6274,,,,,,,,,,,0
 无锡映月湖     ,映月湖公园,20240430,14,7560,,,,,,,,,,,0
 无锡映月湖     ,映月湖公园,20240430,18,10623,,,,,,,,,,,0
 无锡映月湖     ,映月湖公园,20240430,21,6433,,,,,,,,,,,0
 无锡映月湖     ,映月湖公园,20240430,3,759,,,,,,,,,,,0
 无锡映月湖     ,映月湖公园,20240430,7,11431,,,,,,,,,,,0
 无锡映月湖     ,映月湖公园,20240501,0,2079,3646,31124,15884,0.64,30679,20070,4172,2591,1684,564,1
 无锡映月湖     ,映月湖公园,20240501,11,9050,3646,31124,15884,0.64,30679,20070,4172,2591,1684,564,1
 无锡映月湖     ,映月湖公园,20240501,15,9280,3646,31124,15884,0.64,30679,20070,4172,2591,1684,564,1
 无锡映月湖     ,映月湖公园,20240501,19,13520,3646,31124,15884,0.64,30679,20070,4172,2591,1684,564,1
 无锡映月湖     ,映月湖公园,20240501,22,5603,3646,31124,15884,0.64,30679,20070,4172,2591,1684,564,1
 无锡映月湖     ,映月湖公园,20240501,4,667,3646,31124,15884,0.64,30679,20070,4172,2591,1684,564,1
 无锡映月湖     ,映月湖公园,20240501,8,6088,3646,31124,15884,0.64,30679,20070,4172,2591,1684,564,1
 无锡映月湖     ,映月湖公园,20240502,1,1161,2962,14905,29029,0.58,28495,18488,3524,2297,1582,599,1
 无锡映月湖     ,映月湖公园,20240502,12,8201,2962,14905,29029,0.58,28495,18488,3524,2297,1582,599,1
 无锡映月湖     ,映月湖公园,20240502,16,9423,2962,14905,29029,0.58,28495,18488,3524,2297,1582,599,1
 无锡映月湖     ,映月湖公园,20240502,23,3415,2962,14905,29029,0.58,28495,18488,3524,2297,1582,599,1
 无锡映月湖     ,映月湖公园,20240502,5,1413,2962,14905,29029,0.58,28495,18488,3524,2297,1582,599,1
 无锡映月湖     ,映月湖公园,20240502,9,7712,2962,14905,29029,0.58,28495,18488,3524,2297,1582,599,1
 无锡映月湖     ,映月湖公园,20240503,13,8853,2874,28116,14794,0.56,27828,18028,3264,2073,1537,612,1
 无锡映月湖     ,映月湖公园,20240503,17,10327,2874,28116,14794,0.56,27828,18028,3264,2073,1537,612,1
 无锡映月湖     ,映月湖公园,20240503,2,771,2874,28116,14794,0.56,27828,18028,3264,2073,1537,612,1
 无锡映月湖     ,映月湖公园,20240503,20,10120,2874,28116,14794,0.56,27828,18028,3264,2073,1537,612,1
 无锡映月湖     ,映月湖公园,20240503,6,2632,2874,28116,14794,0.56,27828,18028,3264,2073,1537,612,1
 无锡映月湖     ,映月湖公园,20240504,10,6860,2603,24686,12829,0.55,24816,15387,2144,1393,1021,530,1
 无锡映月湖     ,映月湖公园,20240504,14,7587,2603,24686,12829,0.55,24816,15387,2144,1393,1021,530,1
 无锡映月湖     ,映月湖公园,20240504,18,8598,2603,24686,12829,0.55,24816,15387,2144,1393,1021,530,1
 无锡映月湖     ,映月湖公园,20240504,21,5591,2603,24686,12829,0.55,24816,15387,2144,1393,1021,530,1
 无锡映月湖     ,映月湖公园,20240504,3,604,2603,24686,12829,0.55,24816,15387,2144,1393,1021,530,1
 无锡映月湖     ,映月湖公园,20240504,7,4783,2603,24686,12829,0.55,24816,15387,2144,1393,1021,530,1
 无锡映月湖     ,映月湖公园,20240505,0,1836,3208,26528,14158,0.58,24816,15387,2075,1363,957,503,1
 无锡映月湖     ,映月湖公园,20240505,11,7021,3208,26528,14158,0.58,24816,15387,2075,1363,957,503,1
 无锡映月湖     ,映月湖公园,20240505,15,8912,3208,26528,14158,0.58,24816,15387,2075,1363,957,503,1
 无锡映月湖     ,映月湖公园,20240505,19,9227,3208,26528,14158,0.58,24816,15387,2075,1363,957,503,1
 无锡映月湖     ,映月湖公园,20240505,22,3784,3208,26528,14158,0.58,24816,15387,2075,1363,957,503,1
 无锡映月湖     ,映月湖公园,20240505,4,597,3208,26528,14158,0.58,24816,15387,2075,1363,957,503,1
 无锡映月湖     ,映月湖公园,20240505,8,6157,3208,26528,14158,0.58,24816,15387,2075,1363,957,503,1
 无锡映月湖     ,九里仓,20240424,17,3536,,,,,,,,,,,0
 无锡映月湖     ,九里仓,20240424,18,3067,,,,,,,,,,,0
 无锡映月湖     ,九里仓,20240424,19,3028,,,,,,,,,,,0
 无锡映月湖     ,九里仓,20240424,20,2883,,,,,,,,,,,0
 无锡映月湖     ,九里仓,20240424,21,1883,,,,,,,,,,,0
 无锡映月湖     ,九里仓,20240424,22,1025,,,,,,,,,,,0
 无锡映月湖     ,九里仓,20240424,23,612,,,,,,,,,,,0
 无锡映月湖     ,九里仓,20240425,18,3064,,,,,,,,,,,0
 无锡映月湖     ,九里仓,20240425,19,2781,,,,,,,,,,,0
 无锡映月湖     ,九里仓,20240425,20,2642,,,,,,,,,,,0
 无锡映月湖     ,九里仓,20240425,21,1697,,,,,,,,,,,0
 无锡映月湖     ,九里仓,20240425,22,892,,,,,,,,,,,0
 无锡映月湖     ,九里仓,20240425,23,563,,,,,,,,,,,0
 无锡映月湖     ,九里仓,20240426,19,3963,,,,,,,,,,,0
 无锡映月湖     ,九里仓,20240426,20,3462,,,,,,,,,,,0
 无锡映月湖     ,九里仓,20240426,21,2285,,,,,,,,,,,0
 无锡映月湖     ,九里仓,20240426,22,1198,,,,,,,,,,,0
 无锡映月湖     ,九里仓,20240426,23,674,,,,,,,,,,,0
 无锡映月湖     ,九里仓,20240427,18,2893,,,,,,,,,,,0
 无锡映月湖     ,九里仓,20240427,19,3722,,,,,,,,,,,0
 无锡映月湖     ,九里仓,20240427,20,3034,,,,,,,,,,,0
 无锡映月湖     ,九里仓,20240427,21,1701,,,,,,,,,,,0
 无锡映月湖     ,九里仓,20240427,22,989,,,,,,,,,,,0
 无锡映月湖     ,九里仓,20240427,23,566,,,,,,,,,,,0
 无锡映月湖     ,九里仓,20240428,17,3648,,,,,,,,,,,0
 无锡映月湖     ,九里仓,20240428,18,2770,,,,,,,,,,,0
 无锡映月湖     ,九里仓,20240428,19,2479,,,,,,,,,,,0
 无锡映月湖     ,九里仓,20240428,20,2338,,,,,,,,,,,0
 无锡映月湖     ,九里仓,20240428,21,1497,,,,,,,,,,,0
 无锡映月湖     ,九里仓,20240428,22,853,,,,,,,,,,,0
 无锡映月湖     ,九里仓,20240428,23,568,,,,,,,,,,,0
 无锡映月湖     ,九里仓,20240504,5,231,341,2966,1448,0.63,7155,4453,869,470,333,196,1
 无锡映月湖     ,九里仓,20240504,6,553,341,2966,1448,0.63,7155,4453,869,470,333,196,1
 无锡映月湖     ,九里仓,20240504,7,904,341,2966,1448,0.63,7155,4453,869,470,333,196,1
 无锡映月湖     ,九里仓,20240504,8,1248,341,2966,1448,0.63,7155,4453,869,470,333,196,1
 无锡映月湖     ,九里仓,20240504,9,1540,341,2966,1448,0.63,7155,4453,869,470,333,196,1
 无锡映月湖     ,九里仓,20240504,10,1702,341,2966,1448,0.63,7155,4453,869,470,333,196,1
 无锡映月湖     ,九里仓,20240504,11,2043,341,2966,1448,0.63,7155,4453,869,470,333,196,1
 无锡映月湖     ,九里仓,20240504,12,2023,341,2966,1448,0.63,7155,4453,869,470,333,196,1
 无锡映月湖     ,九里仓,20240504,13,2256,341,2966,1448,0.63,7155,4453,869,470,333,196,1
 无锡映月湖     ,九里仓,20240504,14,2129,341,2966,1448,0.63,7155,4453,869,470,333,196,1
 无锡映月湖     ,九里仓,20240504,15,1947,341,2966,1448,0.63,7155,4453,869,470,333,196,1
 无锡映月湖     ,九里仓,20240504,16,2161,341,2966,1448,0.63,7155,4453,869,470,333,196,1
 无锡映月湖     ,九里仓,20240504,17,2802,341,2966,1448,0.63,7155,4453,869,470,333,196,1
 无锡映月湖     ,九里仓,20240504,18,2931,341,2966,1448,0.63,7155,4453,869,470,333,196,1
 无锡映月湖     ,九里仓,20240504,19,3189,341,2966,1448,0.63,7155,4453,869,470,333,196,1
 无锡映月湖     ,九里仓,20240504,20,2319,341,2966,1448,0.63,7155,4453,869,470,333,196,1
 无锡映月湖     ,九里仓,20240504,21,1651,341,2966,1448,0.63,7155,4453,869,470,333,196,1
 无锡映月湖     ,九里仓,20240504,22,911,341,2966,1448,0.63,7155,4453,869,470,333,196,1
 无锡映月湖     ,九里仓,20240504,23,616,341,2966,1448,0.63,7155,4453,869,470,333,196,1
 无锡映月湖     ,九里仓,20240505,0,455,756,7609,3686,0.64,7155,4453,775,485,306,189,1
 无锡映月湖     ,九里仓,20240505,1,268,756,7609,3686,0.64,7155,4453,775,485,306,189,1
 无锡映月湖     ,九里仓,20240505,2,178,756,7609,3686,0.64,7155,4453,775,485,306,189,1
 无锡映月湖     ,九里仓,20240505,3,151,756,7609,3686,0.64,7155,4453,775,485,306,189,1
 无锡映月湖     ,九里仓,20240505,4,121,756,7609,3686,0.64,7155,4453,775,485,306,189,1
 无锡映月湖     ,九里仓,20240505,5,205,756,7609,3686,0.64,7155,4453,775,485,306,189,1
 无锡映月湖     ,九里仓,20240505,6,486,756,7609,3686,0.64,7155,4453,775,485,306,189,1
 无锡映月湖     ,九里仓,20240505,7,898,756,7609,3686,0.64,7155,4453,775,485,306,189,1
 无锡映月湖     ,九里仓,20240505,8,1254,756,7609,3686,0.64,7155,4453,775,485,306,189,1
 无锡映月湖     ,九里仓,20240505,9,1504,756,7609,3686,0.64,7155,4453,775,485,306,189,1
 无锡映月湖     ,九里仓,20240505,10,1651,756,7609,3686,0.64,7155,4453,775,485,306,189,1
 无锡映月湖     ,九里仓,20240505,11,1889,756,7609,3686,0.64,7155,4453,775,485,306,189,1
 无锡映月湖     ,九里仓,20240505,12,2026,756,7609,3686,0.64,7155,4453,775,485,306,189,1
 无锡映月湖     ,九里仓,20240505,13,2202,756,7609,3686,0.64,7155,4453,775,485,306,189,1
 无锡映月湖     ,九里仓,20240505,14,2155,756,7609,3686,0.64,7155,4453,775,485,306,189,1
 无锡映月湖     ,九里仓,20240505,15,2565,756,7609,3686,0.64,7155,4453,775,485,306,189,1
 无锡映月湖     ,九里仓,20240505,16,2247,756,7609,3686,0.64,7155,4453,775,485,306,189,1
 无锡映月湖     ,九里仓,20240505,17,2884,756,7609,3686,0.64,7155,4453,775,485,306,189,1
 无锡映月湖     ,九里仓,20240505,18,3080,756,7609,3686,0.64,7155,4453,775,485,306,189,1
 无锡映月湖     ,九里仓,20240505,19,3290,756,7609,3686,0.64,7155,4453,775,485,306,189,1
 无锡映月湖     ,九里仓,20240505,20,2935,756,7609,3686,0.64,7155,4453,775,485,306,189,1
 无锡映月湖     ,九里仓,20240505,21,1676,756,7609,3686,0.64,7155,4453,775,485,306,189,1
 无锡映月湖     ,九里仓,20240505,22,917,756,7609,3686,0.64,7155,4453,775,485,306,189,1
 无锡映月湖     ,九里仓,20240505,23,572,756,7609,3686,0.64,7155,4453,775,485,306,189,1
 无锡映月湖     ,映月天地,20240503,0,190,471,3877,2135,0.73,3746,2752,428,362,257,120,1
 无锡映月湖     ,映月天地,20240503,1,111,471,3877,2135,0.73,3746,2752,428,362,257,120,1
 无锡映月湖     ,映月天地,20240503,2,81,471,3877,2135,0.73,3746,2752,428,362,257,120,1
 无锡映月湖     ,映月天地,20240503,3,67,471,3877,2135,0.73,3746,2752,428,362,257,120,1
 无锡映月湖     ,映月天地,20240503,4,84,471,3877,2135,0.73,3746,2752,428,362,257,120,1
 无锡映月湖     ,映月天地,20240503,5,83,471,3877,2135,0.73,3746,2752,428,362,257,120,1
 无锡映月湖     ,映月天地,20240503,6,210,471,3877,2135,0.73,3746,2752,428,362,257,120,1
 无锡映月湖     ,映月天地,20240503,7,370,471,3877,2135,0.73,3746,2752,428,362,257,120,1
 无锡映月湖     ,映月天地,20240503,8,594,471,3877,2135,0.73,3746,2752,428,362,257,120,1
 无锡映月湖     ,映月天地,20240503,9,809,471,3877,2135,0.73,3746,2752,428,362,257,120,1
 无锡映月湖     ,映月天地,20240503,10,876,471,3877,2135,0.73,3746,2752,428,362,257,120,1
 无锡映月湖     ,映月天地,20240503,11,1014,471,3877,2135,0.73,3746,2752,428,362,257,120,1
 无锡映月湖     ,映月天地,20240503,12,1058,471,3877,2135,0.73,3746,2752,428,362,257,120,1
 无锡映月湖     ,映月天地,20240503,13,1242,471,3877,2135,0.73,3746,2752,428,362,257,120,1
 无锡映月湖     ,映月天地,20240503,14,1073,471,3877,2135,0.73,3746,2752,428,362,257,120,1
 无锡映月湖     ,映月天地,20240503,15,1037,471,3877,2135,0.73,3746,2752,428,362,257,120,1
 无锡映月湖     ,映月天地,20240503,16,1046,471,3877,2135,0.73,3746,2752,428,362,257,120,1
 无锡映月湖     ,映月天地,20240503,17,1323,471,3877,2135,0.73,3746,2752,428,362,257,120,1
 无锡映月湖     ,映月天地,20240503,18,1437,471,3877,2135,0.73,3746,2752,428,362,257,120,1
 无锡映月湖     ,映月天地,20240503,19,1621,471,3877,2135,0.73,3746,2752,428,362,257,120,1
 无锡映月湖     ,映月天地,20240503,20,1540,471,3877,2135,0.73,3746,2752,428,362,257,120,1
 无锡映月湖     ,映月天地,20240503,21,969,471,3877,2135,0.73,3746,2752,428,362,257,120,1
 无锡映月湖     ,映月天地,20240503,22,469,471,3877,2135,0.73,3746,2752,428,362,257,120,1
 无锡映月湖     ,映月天地,20240503,23,204,471,3877,2135,0.73,3746,2752,428,362,257,120,1
 无锡映月湖     ,映月天地,20240504,0,170,341,2966,1448,0.71,2840,1933,305,339,217,102,1
 无锡映月湖     ,映月天地,20240504,1,91,341,2966,1448,0.71,2840,1933,305,339,217,102,1
 无锡映月湖     ,映月天地,20240504,2,39,341,2966,1448,0.71,2840,1933,305,339,217,102,1
 无锡映月湖     ,映月天地,20240504,3,8,341,2966,1448,0.71,2840,1933,305,339,217,102,1
 无锡映月湖     ,映月天地,20240504,4,10,341,2966,1448,0.71,2840,1933,305,339,217,102,1
 无锡映月湖     ,映月天地,20240504,5,77,341,2966,1448,0.71,2840,1933,305,339,217,102,1
 无锡映月湖     ,映月天地,20240504,6,198,341,2966,1448,0.71,2840,1933,305,339,217,102,1
 无锡映月湖     ,映月天地,20240504,7,289,341,2966,1448,0.71,2840,1933,305,339,217,102,1
 无锡映月湖     ,映月天地,20240504,8,480,341,2966,1448,0.71,2840,1933,305,339,217,102,1
 无锡映月湖     ,映月天地,20240504,9,578,341,2966,1448,0.71,2840,1933,305,339,217,102,1
 无锡映月湖     ,映月天地,20240504,10,658,341,2966,1448,0.71,2840,1933,305,339,217,102,1
 无锡映月湖     ,映月天地,20240504,11,846,341,2966,1448,0.71,2840,1933,305,339,217,102,1
 无锡映月湖     ,映月天地,20240504,12,819,341,2966,1448,0.71,2840,1933,305,339,217,102,1
 无锡映月湖     ,映月天地,20240504,13,932,341,2966,1448,0.71,2840,1933,305,339,217,102,1
 无锡映月湖     ,映月天地,20240504,14,902,341,2966,1448,0.71,2840,1933,305,339,217,102,1
 无锡映月湖     ,映月天地,20240504,15,806,341,2966,1448,0.71,2840,1933,305,339,217,102,1
 无锡映月湖     ,映月天地,20240504,16,938,341,2966,1448,0.71,2840,1933,305,339,217,102,1
 无锡映月湖     ,映月天地,20240504,17,1030,341,2966,1448,0.71,2840,1933,305,339,217,102,1
 无锡映月湖     ,映月天地,20240504,18,1020,341,2966,1448,0.71,2840,1933,305,339,217,102,1
 无锡映月湖     ,映月天地,20240504,19,1120,341,2966,1448,0.71,2840,1933,305,339,217,102,1
 无锡映月湖     ,映月天地,20240504,20,877,341,2966,1448,0.71,2840,1933,305,339,217,102,1
 无锡映月湖     ,映月天地,20240504,21,599,341,2966,1448,0.71,2840,1933,305,339,217,102,1
 无锡映月湖     ,映月天地,20240504,22,347,341,2966,1448,0.71,2840,1933,305,339,217,102,1
 无锡映月湖     ,映月天地,20240504,23,180,341,2966,1448,0.71,2840,1933,305,339,217,102,1
 无锡映月湖     ,映月天地,20240505,0,138,377,2905,1519,0.71,2840,1933,301,256,196,102,1
 无锡映月湖     ,映月天地,20240505,1,74,377,2905,1519,0.71,2840,1933,301,256,196,102,1
 无锡映月湖     ,映月天地,20240505,2,43,377,2905,1519,0.71,2840,1933,301,256,196,102,1
 无锡映月湖     ,映月天地,20240505,3,44,377,2905,1519,0.71,2840,1933,301,256,196,102,1
 无锡映月湖     ,映月天地,20240505,4,31,377,2905,1519,0.71,2840,1933,301,256,196,102,1
 无锡映月湖     ,映月天地,20240505,5,59,377,2905,1519,0.71,2840,1933,301,256,196,102,1
 无锡映月湖     ,映月天地,20240505,6,140,377,2905,1519,0.71,2840,1933,301,256,196,102,1
 无锡映月湖     ,映月天地,20240505,7,264,377,2905,1519,0.71,2840,1933,301,256,196,102,1
 无锡映月湖     ,映月天地,20240505,8,434,377,2905,1519,0.71,2840,1933,301,256,196,102,1
 无锡映月湖     ,映月天地,20240505,9,533,377,2905,1519,0.71,2840,1933,301,256,196,102,1
 无锡映月湖     ,映月天地,20240505,10,565,377,2905,1519,0.71,2840,1933,301,256,196,102,1
 无锡映月湖     ,映月天地,20240505,11,747,377,2905,1519,0.71,2840,1933,301,256,196,102,1
 无锡映月湖     ,映月天地,20240505,12,735,377,2905,1519,0.71,2840,1933,301,256,196,102,1
 无锡映月湖     ,映月天地,20240505,13,859,377,2905,1519,0.71,2840,1933,301,256,196,102,1
 无锡映月湖     ,映月天地,20240505,14,786,377,2905,1519,0.71,2840,1933,301,256,196,102,1
 无锡映月湖     ,映月天地,20240505,15,865,377,2905,1519,0.71,2840,1933,301,256,196,102,1
 无锡映月湖     ,映月天地,20240505,16,857,377,2905,1519,0.71,2840,1933,301,256,196,102,1
 无锡映月湖     ,映月天地,20240505,17,960,377,2905,1519,0.71,2840,1933,301,256,196,102,1
 无锡映月湖     ,映月天地,20240505,18,1003,377,2905,1519,0.71,2840,1933,301,256,196,102,1
 无锡映月湖     ,映月天地,20240505,19,1178,377,2905,1519,0.71,2840,1933,301,256,196,102,1
 无锡映月湖     ,映月天地,20240505,20,981,377,2905,1519,0.71,2840,1933,301,256,196,102,1
 无锡映月湖     ,映月天地,20240505,21,593,377,2905,1519,0.71,2840,1933,301,256,196,102,1
 无锡映月湖     ,映月天地,20240505,22,272,377,2905,1519,0.71,2840,1933,301,256,196,102,1
 无锡映月湖     ,映月天地,20240505,23,179,377,2905,1519,0.71,2840,1933,301,256,196,102,1
 无锡映月湖     ,映月湖中央公园,20240424,13,3845,,,,,,,,,,,0
 无锡映月湖     ,映月湖中央公园,20240424,17,6204,,,,,,,,,,,0
 无锡映月湖     ,映月湖中央公园,20240424,2,485,,,,,,,,,,,0
 无锡映月湖     ,映月湖中央公园,20240424,20,4827,,,,,,,,,,,0
 无锡映月湖     ,映月湖中央公园,20240424,6,2368,,,,,,,,,,,0
 无锡映月湖     ,映月湖中央公园,20240425,10,2764,,,,,,,,,,,0
 无锡映月湖     ,映月湖中央公园,20240425,14,3589,,,,,,,,,,,0
 无锡映月湖     ,映月湖中央公园,20240425,18,5273,,,,,,,,,,,0
 无锡映月湖     ,映月湖中央公园,20240425,21,3214,,,,,,,,,,,0
 无锡映月湖     ,映月湖中央公园,20240425,3,438,,,,,,,,,,,0
 无锡映月湖     ,映月湖中央公园,20240425,7,4904,,,,,,,,,,,0
 无锡映月湖     ,映月湖中央公园,20240426,0,861,,,,,,,,,,,0
 无锡映月湖     ,映月湖中央公园,20240426,11,3904,,,,,,,,,,,0
 无锡映月湖     ,映月湖中央公园,20240426,15,4901,,,,,,,,,,,0
 无锡映月湖     ,映月湖中央公园,20240426,19,5741,,,,,,,,,,,0
 无锡映月湖     ,映月湖中央公园,20240426,22,2677,,,,,,,,,,,0
 无锡映月湖     ,映月湖中央公园,20240426,4,329,,,,,,,,,,,0
 无锡映月湖     ,映月湖中央公园,20240426,8,5186,,,,,,,,,,,0
 无锡映月湖     ,映月湖中央公园,20240427,1,683,,,,,,,,,,,0
 无锡映月湖     ,映月湖中央公园,20240427,12,4560,,,,,,,,,,,0
 无锡映月湖     ,映月湖中央公园,20240427,16,5483,,,,,,,,,,,0
 无锡映月湖     ,映月湖中央公园,20240427,23,1767,,,,,,,,,,,0
 无锡映月湖     ,映月湖中央公园,20240427,5,787,,,,,,,,,,,0
 无锡映月湖     ,映月湖中央公园,20240427,9,4186,,,,,,,,,,,0
 无锡映月湖     ,映月湖中央公园,20240428,13,3590,,,,,,,,,,,0
 无锡映月湖     ,映月湖中央公园,20240428,17,6510,,,,,,,,,,,0
 无锡映月湖     ,映月湖中央公园,20240428,2,384,,,,,,,,,,,0
 无锡映月湖     ,映月湖中央公园,20240428,20,4278,,,,,,,,,,,0
 无锡映月湖     ,映月湖中央公园,20240428,6,2491,,,,,,,,,,,0
 无锡映月湖     ,映月湖中央公园,20240429,10,3583,,,,,,,,,,,0
 无锡映月湖     ,映月湖中央公园,20240429,14,3856,,,,,,,,,,,0
 无锡映月湖     ,映月湖中央公园,20240429,18,5798,,,,,,,,,,,0
 无锡映月湖     ,映月湖中央公园,20240429,21,3595,,,,,,,,,,,0
 无锡映月湖     ,映月湖中央公园,20240429,3,552,,,,,,,,,,,0
 无锡映月湖     ,映月湖中央公园,20240429,7,5904,,,,,,,,,,,0
 无锡映月湖     ,映月湖中央公园,20240430,1,545,,,,,,,,,,,0
 无锡映月湖     ,映月湖中央公园,20240430,12,3787,,,,,,,,,,,0
 无锡映月湖     ,映月湖中央公园,20240430,16,5086,,,,,,,,,,,0
 无锡映月湖     ,映月湖中央公园,20240430,23,2324,,,,,,,,,,,0
 无锡映月湖     ,映月湖中央公园,20240430,5,833,,,,,,,,,,,0
 无锡映月湖     ,映月湖中央公园,20240430,9,3657,,,,,,,,,,,0
 无锡映月湖     ,映月湖中央公园,20240501,13,5257,2259,20003,10256,0.69,19956,12626,990,546,362,128,1
 无锡映月湖     ,映月湖中央公园,20240501,17,5662,2259,20003,10256,0.69,19956,12626,990,546,362,128,1
 无锡映月湖     ,映月湖中央公园,20240501,2,550,2259,20003,10256,0.69,19956,12626,990,546,362,128,1
 无锡映月湖     ,映月湖中央公园,20240501,20,7224,2259,20003,10256,0.69,19956,12626,990,546,362,128,1
 无锡映月湖     ,映月湖中央公园,20240501,6,1608,2259,20003,10256,0.69,19956,12626,990,546,362,128,1
 无锡映月湖     ,映月湖中央公园,20240502,10,4923,1847,18503,9686,0.64,18533,11554,857,549,388,145,1
 无锡映月湖     ,映月湖中央公园,20240502,14,5094,1847,18503,9686,0.64,18533,11554,857,549,388,145,1
 无锡映月湖     ,映月湖中央公园,20240502,18,5702,1847,18503,9686,0.64,18533,11554,857,549,388,145,1
 无锡映月湖     ,映月湖中央公园,20240502,21,4499,1847,18503,9686,0.64,18533,11554,857,549,388,145,1
 无锡映月湖     ,映月湖中央公园,20240502,3,587,1847,18503,9686,0.64,18533,11554,857,549,388,145,1
 无锡映月湖     ,映月湖中央公园,20240502,7,2942,1847,18503,9686,0.64,18533,11554,857,549,388,145,1
 无锡映月湖     ,映月湖中央公园,20240503,0,1028,1828,17806,9529,0.62,18080,11120,864,501,380,133,1
 无锡映月湖     ,映月湖中央公园,20240503,11,4508,1828,17806,9529,0.62,18080,11120,864,501,380,133,1
 无锡映月湖     ,映月湖中央公园,20240503,15,4981,1828,17806,9529,0.62,18080,11120,864,501,380,133,1
 无锡映月湖     ,映月湖中央公园,20240503,19,5828,1828,17806,9529,0.62,18080,11120,864,501,380,133,1
 无锡映月湖     ,映月湖中央公园,20240503,22,2685,1828,17806,9529,0.62,18080,11120,864,501,380,133,1
 无锡映月湖     ,映月湖中央公园,20240503,4,382,1828,17806,9529,0.62,18080,11120,864,501,380,133,1
 无锡映月湖     ,映月湖中央公园,20240503,8,3931,1828,17806,9529,0.62,18080,11120,864,501,380,133,1
 无锡映月湖     ,映月湖中央公园,20240504,1,679,1562,15385,8123,0.6,15807,9310,579,347,291,112,1
 无锡映月湖     ,映月湖中央公园,20240504,12,3901,1562,15385,8123,0.6,15807,9310,579,347,291,112,1
 无锡映月湖     ,映月湖中央公园,20240504,16,4429,1562,15385,8123,0.6,15807,9310,579,347,291,112,1
 无锡映月湖     ,映月湖中央公园,20240504,23,1965,1562,15385,8123,0.6,15807,9310,579,347,291,112,1
 无锡映月湖     ,映月湖中央公园,20240504,5,722,1562,15385,8123,0.6,15807,9310,579,347,291,112,1
 无锡映月湖     ,映月湖中央公园,20240504,9,3660,1562,15385,8123,0.6,15807,9310,579,347,291,112,1
 无锡映月湖     ,映月湖中央公园,20240505,13,4198,1804,16209,8971,0.63,15807,9310,559,331,228,117,1
 无锡映月湖     ,映月湖中央公园,20240505,17,5697,1804,16209,8971,0.63,15807,9310,559,331,228,117,1
 无锡映月湖     ,映月湖中央公园,20240505,2,383,1804,16209,8971,0.63,15807,9310,559,331,228,117,1
 无锡映月湖     ,映月湖中央公园,20240505,20,4801,1804,16209,8971,0.63,15807,9310,559,331,228,117,1
 无锡映月湖     ,映月湖中央公园,20240505,6,1550,1804,16209,8971,0.63,15807,9310,559,331,228,117,1
 无锡映月湖     ,映月湖公园,20240424,1,1156,,,,,,,,,,,0
 无锡映月湖     ,映月湖公园,20240424,12,7352,,,,,,,,,,,0
 无锡映月湖     ,映月湖公园,20240424,16,9785,,,,,,,,,,,0
 无锡映月湖     ,映月湖公园,20240424,23,2743,,,,,,,,,,,0
 无锡映月湖     ,映月湖公园,20240424,5,1437,,,,,,,,,,,0
 无锡映月湖     ,映月湖公园,20240424,9,7550,,,,,,,,,,,0
 无锡映月湖     ,映月湖公园,20240425,13,7112,,,,,,,,,,,0
 无锡映月湖     ,映月湖公园,20240425,17,12578,,,,,,,,,,,0
 无锡映月湖     ,映月湖公园,20240425,2,773,,,,,,,,,,,0
 无锡映月湖     ,映月湖公园,20240425,20,8629,,,,,,,,,,,0
 无锡映月湖     ,映月湖公园,20240425,6,3958,,,,,,,,,,,0
 无锡映月湖     ,映月湖公园,20240426,10,6570,,,,,,,,,,,0
 无锡映月湖     ,映月湖公园,20240426,14,7639,,,,,,,,,,,0
 无锡映月湖     ,映月湖公园,20240426,18,12033,,,,,,,,,,,0
 无锡映月湖     ,映月湖公园,20240426,21,7343,,,,,,,,,,,0
 无锡映月湖     ,映月湖公园,20240426,3,786,,,,,,,,,,,0
 无锡映月湖     ,映月湖公园,20240426,7,11364,,,,,,,,,,,0
 无锡映月湖     ,映月湖公园,20240427,0,1970,,,,,,,,,,,0
 无锡映月湖     ,映月湖公园,20240427,11,8148,,,,,,,,,,,0
 无锡映月湖     ,映月湖公园,20240427,15,10009,,,,,,,,,,,0
 无锡映月湖     ,映月湖公园,20240427,19,9856,,,,,,,,,,,0
 无锡映月湖     ,映月湖公园,20240427,22,3831,,,,,,,,,,,0
 无锡映月湖     ,映月湖公园,20240427,4,599,,,,,,,,,,,0
 无锡映月湖     ,映月湖公园,20240427,8,6996,,,,,,,,,,,0
 无锡映月湖     ,映月湖公园,20240428,1,896,,,,,,,,,,,0
 无锡映月湖     ,映月湖公园,20240428,12,6199,,,,,,,,,,,0
 无锡映月湖     ,映月湖公园,20240428,16,9090,,,,,,,,,,,0
 无锡映月湖     ,映月湖公园,20240428,23,2708,,,,,,,,,,,0
 无锡映月湖     ,映月湖公园,20240428,5,1341,,,,,,,,,,,0
 无锡映月湖     ,映月湖公园,20240428,9,6692,,,,,,,,,,,0
 无锡映月湖     ,映月湖公园,20240429,13,7516,,,,,,,,,,,0
 无锡映月湖     ,映月湖公园,20240429,17,13106,,,,,,,,,,,0
 无锡映月湖     ,映月湖公园,20240429,2,736,,,,,,,,,,,0
 无锡映月湖     ,映月湖公园,20240429,20,9504,,,,,,,,,,,0
 无锡映月湖     ,映月湖公园,20240429,6,4396,,,,,,,,,,,0
 无锡映月湖     ,映月湖公园,20240430,0,1859,,,,,,,,,,,0
 无锡映月湖     ,映月湖公园,20240430,11,6870,,,,,,,,,,,0
 无锡映月湖     ,映月湖公园,20240430,15,8879,,,,,,,,,,,0
 无锡映月湖     ,映月湖公园,20240430,19,8504,,,,,,,,,,,0
 无锡映月湖     ,映月湖公园,20240430,22,4616,,,,,,,,,,,0
 无锡映月湖     ,映月湖公园,20240430,4,648,,,,,,,,,,,0
 无锡映月湖     ,映月湖公园,20240430,8,9681,,,,,,,,,,,0
 无锡映月湖     ,映月湖公园,20240501,1,1206,3646,31124,15884,0.64,30679,20070,4172,2591,1684,564,1
 无锡映月湖     ,映月湖公园,20240501,12,8768,3646,31124,15884,0.64,30679,20070,4172,2591,1684,564,1
 无锡映月湖     ,映月湖公园,20240501,16,9897,3646,31124,15884,0.64,30679,20070,4172,2591,1684,564,1
 无锡映月湖     ,映月湖公园,20240501,23,3470,3646,31124,15884,0.64,30679,20070,4172,2591,1684,564,1
 无锡映月湖     ,映月湖公园,20240501,5,1360,3646,31124,15884,0.64,30679,20070,4172,2591,1684,564,1
 无锡映月湖     ,映月湖公园,20240501,9,7748,3646,31124,15884,0.64,30679,20070,4172,2591,1684,564,1
 无锡映月湖     ,映月湖公园,20240502,13,9220,2962,14905,29029,0.58,28495,18488,3524,2297,1582,599,1
 无锡映月湖     ,映月湖公园,20240502,17,9999,2962,14905,29029,0.58,28495,18488,3524,2297,1582,599,1
 无锡映月湖     ,映月湖公园,20240502,2,812,2962,14905,29029,0.58,28495,18488,3524,2297,1582,599,1
 无锡映月湖     ,映月湖公园,20240502,20,11004,2962,14905,29029,0.58,28495,18488,3524,2297,1582,599,1
 无锡映月湖     ,映月湖公园,20240502,6,2849,2962,14905,29029,0.58,28495,18488,3524,2297,1582,599,1
 无锡映月湖     ,映月湖公园,20240503,10,8341,2874,28116,14794,0.56,27828,18028,3264,2073,1537,612,1
 无锡映月湖     ,映月湖公园,20240503,14,8660,2874,28116,14794,0.56,27828,18028,3264,2073,1537,612,1
 无锡映月湖     ,映月湖公园,20240503,18,10269,2874,28116,14794,0.56,27828,18028,3264,2073,1537,612,1
 无锡映月湖     ,映月湖公园,20240503,21,7564,2874,28116,14794,0.56,27828,18028,3264,2073,1537,612,1
 无锡映月湖     ,映月湖公园,20240503,3,494,2874,28116,14794,0.56,27828,18028,3264,2073,1537,612,1
 无锡映月湖     ,映月湖公园,20240503,7,4828,2874,28116,14794,0.56,27828,18028,3264,2073,1537,612,1
 无锡映月湖     ,映月湖公园,20240504,0,2023,2603,24686,12829,0.55,24816,15387,2144,1393,1021,530,1
 无锡映月湖     ,映月湖公园,20240504,11,7151,2603,24686,12829,0.55,24816,15387,2144,1393,1021,530,1
 无锡映月湖     ,映月湖公园,20240504,15,7440,2603,24686,12829,0.55,24816,15387,2144,1393,1021,530,1
 无锡映月湖     ,映月湖公园,20240504,19,8440,2603,24686,12829,0.55,24816,15387,2144,1393,1021,530,1
 无锡映月湖     ,映月湖公园,20240504,22,4005,2603,24686,12829,0.55,24816,15387,2144,1393,1021,530,1
 无锡映月湖     ,映月湖公园,20240504,4,477,2603,24686,12829,0.55,24816,15387,2144,1393,1021,530,1
 无锡映月湖     ,映月湖公园,20240504,8,5727,2603,24686,12829,0.55,24816,15387,2144,1393,1021,530,1
 无锡映月湖     ,映月湖公园,20240505,1,1043,3208,26528,14158,0.58,24816,15387,2075,1363,957,503,1
 无锡映月湖     ,映月湖公园,20240505,12,7368,3208,26528,14158,0.58,24816,15387,2075,1363,957,503,1
 无锡映月湖     ,映月湖公园,20240505,16,8419,3208,26528,14158,0.58,24816,15387,2075,1363,957,503,1
 无锡映月湖     ,映月湖公园,20240505,23,2773,3208,26528,14158,0.58,24816,15387,2075,1363,957,503,1
 无锡映月湖     ,映月湖公园,20240505,5,995,3208,26528,14158,0.58,24816,15387,2075,1363,957,503,1
 无锡映月湖     ,映月湖公园,20240505,9,6260,3208,26528,14158,0.58,24816,15387,2075,1363,957,503,1
 江阴音乐节     ,江阴体育馆,20240603,16,4333,,,,,,,,,,,0
 江阴音乐节     ,江阴体育馆,20240603,17,5882,,,,,,,,,,,0
 江阴音乐节     ,江阴体育馆,20240603,18,4759,,,,,,,,,,,0
 江阴音乐节     ,江阴体育馆,20240603,19,4092,,,,,,,,,,,0
 江阴音乐节     ,江阴体育馆,20240603,21,2300,,,,,,,,,,,0
 江阴音乐节     ,江阴体育馆,20240603,22,1257,,,,,,,,,,,0
 江阴音乐节     ,江阴体育馆,20240603,23,725,,,,,,,,,,,0
 江阴音乐节     ,江阴体育馆,20240604,11,3874,,,,,,,931,701,324,57,0
 江阴音乐节     ,江阴体育馆,20240604,12,3473,,,,,,,931,701,324,57,0
 江阴音乐节     ,江阴体育馆,20240604,13,3755,,,,,,,931,701,324,57,0
 江阴音乐节     ,江阴体育馆,20240604,14,3764,,,,,,,931,701,324,57,0
 江阴音乐节     ,江阴体育馆,20240604,15,3975,,,,,,,931,701,324,57,0
 江阴音乐节     ,江阴体育馆,20240604,16,4620,,,,,,,931,701,324,57,0
 江阴音乐节     ,江阴体育馆,20240604,17,6114,,,,,,,931,701,324,57,0
 江阴音乐节     ,江阴体育馆,20240604,18,5163,,,,,,,931,701,324,57,0
 江阴音乐节     ,江阴体育馆,20240604,20,3773,,,,,,,931,701,324,57,0
 江阴音乐节     ,江阴体育馆,20240604,21,2430,,,,,,,931,701,324,57,0
 江阴音乐节     ,江阴体育馆,20240604,22,1183,,,,,,,931,701,324,57,0
 江阴音乐节     ,江阴体育馆,20240604,23,792,,,,,,,931,701,324,57,0
 江阴音乐节     ,江阴体育馆,20240605,10,3690,,,,,,,,,,,0
 江阴音乐节     ,江阴体育馆,20240605,11,4030,,,,,,,,,,,0
 江阴音乐节     ,江阴体育馆,20240605,12,3663,,,,,,,,,,,0
 江阴音乐节     ,江阴体育馆,20240605,13,4077,,,,,,,,,,,0
 江阴音乐节     ,江阴体育馆,20240605,7,4746,,,,,,,,,,,0
 江阴音乐节     ,江阴体育馆,20240605,8,5175,,,,,,,,,,,0
 江阴音乐节     ,江阴体育馆,20240605,9,4204,,,,,,,,,,,0
 江阴音乐节     ,江阴体育馆,20240606,2,88,,,,,,,,,,,0
 江阴音乐节     ,江阴体育馆,20240606,3,95,,,,,,,,,,,0
 江阴音乐节     ,江阴体育馆,20240606,4,112,,,,,,,,,,,0
 江阴音乐节     ,江阴体育馆,20240606,5,367,,,,,,,,,,,0
 江阴音乐节     ,江阴体育馆,20240606,6,2109,,,,,,,,,,,0
 江阴音乐节     ,江阴体育馆,20240606,7,4275,,,,,,,,,,,0
 江阴音乐节     ,江阴体育馆,20240606,8,4699,,,,,,,,,,,0
 江阴音乐节     ,江阴体育馆,20240606,9,4710,,,,,,,,,,,0
 江阴音乐节     ,江阴体育馆,20240607,0,450,,,,,,,,,,,0
 江阴音乐节     ,江阴体育馆,20240607,1,227,,,,,,,,,,,0
 江阴音乐节     ,江阴体育馆,20240607,2,138,,,,,,,,,,,0
 江阴音乐节     ,江阴体育馆,20240607,3,127,,,,,,,,,,,0
 江阴音乐节     ,江阴体育馆,20240607,4,185,,,,,,,,,,,0
 江阴音乐节     ,江阴体育馆,20240608,17,5032,,,,,,,,,,,0
 江阴音乐节     ,江阴体育馆,20240608,18,4968,,,,,,,,,,,0
 江阴音乐节     ,江阴体育馆,20240608,19,5066,,,,,,,,,,,0
 江阴音乐节     ,江阴体育馆,20240608,22,1470,,,,,,,,,,,0
 江阴音乐节     ,江阴体育馆,20240608,23,955,,,,,,,,,,,0
 江阴音乐节     ,江阴体育馆,20240609,12,4097,,,,,,,,,,,0
 江阴音乐节     ,江阴体育馆,20240609,13,4645,,,,,,,,,,,0
 江阴音乐节     ,江阴体育馆,20240609,14,4804,,,,,,,,,,,0
 江阴音乐节     ,江阴体育馆,20240609,15,4852,,,,,,,,,,,0
 江阴音乐节     ,江阴体育馆,20240609,16,5150,,,,,,,,,,,0
 江阴音乐节     ,江阴体育馆,20240609,17,5201,,,,,,,,,,,0
 江阴音乐节     ,江阴体育馆,20240609,18,4691,,,,,,,,,,,0
 江阴音乐节     ,江阴体育馆,20240609,19,5109,,,,,,,,,,,0
 江阴音乐节     ,江阴体育馆,20240609,20,4444,,,,,,,,,,,0
 江阴音乐节     ,江阴体育馆,20240609,21,2872,,,,,,,,,,,0
 江阴音乐节     ,江阴体育馆,20240609,22,1714,,,,,,,,,,,0
 江阴音乐节     ,江阴体育馆,20240609,23,965,,,,,,,,,,,0
 江阴音乐节     ,江阴体育馆,20240610,10,4111,1123,16956,9194,0.76,12753,14532,8902,12620,18836,1220,1
 江阴音乐节     ,江阴体育馆,20240610,11,4125,1123,16956,9194,0.76,12753,14532,8902,12620,18836,1220,1
 江阴音乐节     ,江阴体育馆,20240610,12,4196,1123,16956,9194,0.76,12753,14532,8902,12620,18836,1220,1
 江阴音乐节     ,江阴体育馆,20240610,13,4544,1123,16956,9194,0.76,12753,14532,8902,12620,18836,1220,1
 江阴音乐节     ,江阴体育馆,20240610,7,2358,1123,16956,9194,0.76,12753,14532,8902,12620,18836,1220,1
 江阴音乐节     ,江阴体育馆,20240610,8,3027,1123,16956,9194,0.76,12753,14532,8902,12620,18836,1220,1
 江阴音乐节     ,江阴体育馆,20240610,9,3739,1123,16956,9194,0.76,12753,14532,8902,12620,18836,1220,1
 江阴音乐节     ,次级防控圈,20240603,17,36138,,,,,,,,,,,0
 江阴音乐节     ,次级防控圈,20240603,18,28459,,,,,,,,,,,0
 江阴音乐节     ,次级防控圈,20240603,19,24309,,,,,,,,,,,0
 江阴音乐节     ,次级防控圈,20240603,22,12341,,,,,,,,,,,0
 江阴音乐节     ,次级防控圈,20240603,23,8534,,,,,,,,,,,0
 江阴音乐节     ,次级防控圈,20240604,12,24303,,,,,,,6089,6654,5127,2008,0
 江阴音乐节     ,次级防控圈,20240604,13,25938,,,,,,,6089,6654,5127,2008,0
 江阴音乐节     ,次级防控圈,20240604,14,26880,,,,,,,6089,6654,5127,2008,0
 江阴音乐节     ,次级防控圈,20240604,15,28246,,,,,,,6089,6654,5127,2008,0
 江阴音乐节     ,次级防控圈,20240604,16,30668,,,,,,,6089,6654,5127,2008,0
 江阴音乐节     ,次级防控圈,20240604,17,35605,,,,,,,6089,6654,5127,2008,0
 江阴音乐节     ,次级防控圈,20240604,18,29359,,,,,,,6089,6654,5127,2008,0
 江阴音乐节     ,次级防控圈,20240604,19,24792,,,,,,,6089,6654,5127,2008,0
 江阴音乐节     ,次级防控圈,20240604,20,22087,,,,,,,6089,6654,5127,2008,0
 江阴音乐节     ,次级防控圈,20240604,21,17469,,,,,,,6089,6654,5127,2008,0
 江阴音乐节     ,次级防控圈,20240604,22,12465,,,,,,,6089,6654,5127,2008,0
 江阴音乐节     ,次级防控圈,20240604,23,8839,,,,,,,6089,6654,5127,2008,0
 江阴音乐节     ,次级防控圈,20240605,10,26372,,,,,,,,,,,0
 江阴音乐节     ,次级防控圈,20240605,11,28197,,,,,,,,,,,0
 江阴音乐节     ,次级防控圈,20240605,12,23778,,,,,,,,,,,0
 江阴音乐节     ,次级防控圈,20240605,13,25725,,,,,,,,,,,0
 江阴音乐节     ,次级防控圈,20240605,14,24770,,,,,,,,,,,0
 江阴音乐节     ,次级防控圈,20240605,8,31557,,,,,,,,,,,0
 江阴音乐节     ,次级防控圈,20240605,9,27950,,,,,,,,,,,0
 江阴音乐节     ,次级防控圈,20240606,3,3741,,,,,,,,,,,0
 江阴音乐节     ,次级防控圈,20240606,4,3949,,,,,,,,,,,0
 江阴音乐节     ,次级防控圈,20240606,5,7289,,,,,,,,,,,0
 江阴音乐节     ,次级防控圈,20240606,6,15393,,,,,,,,,,,0
 江阴音乐节     ,次级防控圈,20240606,7,25798,,,,,,,,,,,0
 江阴音乐节     ,次级防控圈,20240606,8,29669,,,,,,,,,,,0
 江阴音乐节     ,次级防控圈,20240606,9,27453,,,,,,,,,,,0
 江阴音乐节     ,次级防控圈,20240607,0,10859,,,,,,,,,,,0
 江阴音乐节     ,次级防控圈,20240607,1,5075,,,,,,,,,,,0
 江阴音乐节     ,次级防控圈,20240607,2,4043,,,,,,,,,,,0
 江阴音乐节     ,次级防控圈,20240607,3,4174,,,,,,,,,,,0
 江阴音乐节     ,次级防控圈,20240607,4,4407,,,,,,,,,,,0
 江阴音乐节     ,次级防控圈,20240607,5,8542,,,,,,,,,,,0
 江阴音乐节     ,次级防控圈,20240608,0,13863,,,,,,,,,,,0
 江阴音乐节     ,次级防控圈,20240608,18,30212,,,,,,,,,,,0
 江阴音乐节     ,次级防控圈,20240608,19,29283,,,,,,,,,,,0
 江阴音乐节     ,次级防控圈,20240608,23,10676,,,,,,,,,,,0
 江阴音乐节     ,次级防控圈,20240609,13,28616,,,,,,,,,,,0
 江阴音乐节     ,次级防控圈,20240609,14,30444,,,,,,,,,,,0
 江阴音乐节     ,次级防控圈,20240609,15,32034,,,,,,,,,,,0
 江阴音乐节     ,次级防控圈,20240609,16,33096,,,,,,,,,,,0
 江阴音乐节     ,次级防控圈,20240609,17,34021,,,,,,,,,,,0
 江阴音乐节     ,次级防控圈,20240609,18,29772,,,,,,,,,,,0
 江阴音乐节     ,次级防控圈,20240609,19,28620,,,,,,,,,,,0
 江阴音乐节     ,次级防控圈,20240609,20,27165,,,,,,,,,,,0
 江阴音乐节     ,次级防控圈,20240609,21,21855,,,,,,,,,,,0
 江阴音乐节     ,次级防控圈,20240609,22,16246,,,,,,,,,,,0
 江阴音乐节     ,次级防控圈,20240609,23,10845,,,,,,,,,,,0
 江阴音乐节     ,次级防控圈,20240610,10,28589,1922,28975,19071,0.61,26694,23323,16567,14155,10377,3921,1
 江阴音乐节     ,次级防控圈,20240610,11,26579,1922,28975,19071,0.61,26694,23323,16567,14155,10377,3921,1
 江阴音乐节     ,次级防控圈,20240610,12,27938,1922,28975,19071,0.61,26694,23323,16567,14155,10377,3921,1
 江阴音乐节     ,次级防控圈,20240610,13,29764,1922,28975,19071,0.61,26694,23323,16567,14155,10377,3921,1
 江阴音乐节     ,次级防控圈,20240610,14,31642,1922,28975,19071,0.61,26694,23323,16567,14155,10377,3921,1
 江阴音乐节     ,次级防控圈,20240610,8,23676,1922,28975,19071,0.61,26694,23323,16567,14155,10377,3921,1
 江阴音乐节     ,次级防控圈,20240610,9,27745,1922,28975,19071,0.61,26694,23323,16567,14155,10377,3921,1
 江阴音乐节     ,江阴体育馆,20240603,0,347,,,,,,,,,,,0
 江阴音乐节     ,江阴体育馆,20240603,1,179,,,,,,,,,,,0
 江阴音乐节     ,江阴体育馆,20240603,2,150,,,,,,,,,,,0
 江阴音乐节     ,江阴体育馆,20240603,3,126,,,,,,,,,,,0
 江阴音乐节     ,江阴体育馆,20240603,4,117,,,,,,,,,,,0
 江阴音乐节     ,江阴体育馆,20240603,5,635,,,,,,,,,,,0
 江阴音乐节     ,江阴体育馆,20240603,6,2860,,,,,,,,,,,0
 江阴音乐节     ,江阴体育馆,20240604,0,367,,,,,,,931,701,324,57,0
 江阴音乐节     ,江阴体育馆,20240604,1,157,,,,,,,931,701,324,57,0
 江阴音乐节     ,江阴体育馆,20240604,19,4452,,,,,,,931,701,324,57,0
 江阴音乐节     ,江阴体育馆,20240605,14,3866,,,,,,,,,,,0
 江阴音乐节     ,江阴体育馆,20240605,15,4450,,,,,,,,,,,0
 江阴音乐节     ,江阴体育馆,20240605,16,5005,,,,,,,,,,,0
 江阴音乐节     ,江阴体育馆,20240605,17,5455,,,,,,,,,,,0
 江阴音乐节     ,江阴体育馆,20240605,18,4720,,,,,,,,,,,0
 江阴音乐节     ,江阴体育馆,20240605,19,3260,,,,,,,,,,,0
 江阴音乐节     ,江阴体育馆,20240605,20,3158,,,,,,,,,,,0
 江阴音乐节     ,江阴体育馆,20240605,21,2042,,,,,,,,,,,0
 江阴音乐节     ,江阴体育馆,20240605,22,1102,,,,,,,,,,,0
 江阴音乐节     ,江阴体育馆,20240605,23,664,,,,,,,,,,,0
 江阴音乐节     ,江阴体育馆,20240606,10,4302,,,,,,,,,,,0
 江阴音乐节     ,江阴体育馆,20240606,11,4991,,,,,,,,,,,0
 江阴音乐节     ,江阴体育馆,20240606,12,4497,,,,,,,,,,,0
 江阴音乐节     ,江阴体育馆,20240606,13,5896,,,,,,,,,,,0
 江阴音乐节     ,江阴体育馆,20240606,14,5550,,,,,,,,,,,0
 江阴音乐节     ,江阴体育馆,20240606,15,5262,,,,,,,,,,,0
 江阴音乐节     ,江阴体育馆,20240606,16,5019,,,,,,,,,,,0
 江阴音乐节     ,江阴体育馆,20240606,20,4228,,,,,,,,,,,0
 江阴音乐节     ,江阴体育馆,20240606,21,2529,,,,,,,,,,,0
 江阴音乐节     ,江阴体育馆,20240607,10,4040,,,,,,,,,,,0
 江阴音乐节     ,江阴体育馆,20240607,11,4529,,,,,,,,,,,0
 江阴音乐节     ,江阴体育馆,20240607,5,428,,,,,,,,,,,0
 江阴音乐节     ,江阴体育馆,20240607,6,2336,,,,,,,,,,,0
 江阴音乐节     ,江阴体育馆,20240607,7,4798,,,,,,,,,,,0
 江阴音乐节     ,江阴体育馆,20240607,8,5557,,,,,,,,,,,0
 江阴音乐节     ,江阴体育馆,20240607,9,4289,,,,,,,,,,,0
 江阴音乐节     ,江阴体育馆,20240608,0,525,,,,,,,,,,,0
 江阴音乐节     ,江阴体育馆,20240608,1,192,,,,,,,,,,,0
 江阴音乐节     ,江阴体育馆,20240608,2,110,,,,,,,,,,,0
 江阴音乐节     ,江阴体育馆,20240608,3,73,,,,,,,,,,,0
 江阴音乐节     ,江阴体育馆,20240608,4,137,,,,,,,,,,,0
 江阴音乐节     ,江阴体育馆,20240608,5,448,,,,,,,,,,,0
 江阴音乐节     ,江阴体育馆,20240608,6,1960,,,,,,,,,,,0
 江阴音乐节     ,江阴体育馆,20240608,7,3154,,,,,,,,,,,0
 江阴音乐节     ,江阴体育馆,20240609,0,495,,,,,,,,,,,0
 江阴音乐节     ,江阴体育馆,20240609,1,163,,,,,,,,,,,0
 江阴音乐节     ,江阴体育馆,20240609,2,116,,,,,,,,,,,0
 江阴音乐节     ,江阴体育馆,20240610,14,4978,1123,16956,9194,0.76,12753,14532,8902,12620,18836,1220,1
 江阴音乐节     ,江阴体育馆,20240610,15,5269,1123,16956,9194,0.76,12753,14532,8902,12620,18836,1220,1
 江阴音乐节     ,江阴体育馆,20240610,16,6005,1123,16956,9194,0.76,12753,14532,8902,12620,18836,1220,1
 江阴音乐节     ,江阴体育馆,20240610,17,7500,1123,16956,9194,0.76,12753,14532,8902,12620,18836,1220,1
 江阴音乐节     ,江阴体育馆,20240610,18,11543,1123,16956,9194,0.76,12753,14532,8902,12620,18836,1220,1
 江阴音乐节     ,江阴体育馆,20240610,19,19131,1123,16956,9194,0.76,12753,14532,8902,12620,18836,1220,1
 江阴音乐节     ,江阴体育馆,20240610,20,18216,1123,16956,9194,0.76,12753,14532,8902,12620,18836,1220,1
 江阴音乐节     ,江阴体育馆,20240610,21,14178,1123,16956,9194,0.76,12753,14532,8902,12620,18836,1220,1
 江阴音乐节     ,江阴体育馆,20240610,22,15650,1123,16956,9194,0.76,12753,14532,8902,12620,18836,1220,1
 江阴音乐节     ,江阴体育馆,20240610,23,6614,1123,16956,9194,0.76,12753,14532,8902,12620,18836,1220,1
 江阴音乐节     ,次级防控圈,20240603,0,10681,,,,,,,,,,,0
 江阴音乐节     ,次级防控圈,20240603,1,5236,,,,,,,,,,,0
 江阴音乐节     ,次级防控圈,20240603,2,4343,,,,,,,,,,,0
 江阴音乐节     ,次级防控圈,20240603,3,4492,,,,,,,,,,,0
 江阴音乐节     ,次级防控圈,20240603,4,4769,,,,,,,,,,,0
 江阴音乐节     ,次级防控圈,20240603,5,9170,,,,,,,,,,,0
 江阴音乐节     ,次级防控圈,20240603,6,18857,,,,,,,,,,,0
 江阴音乐节     ,次级防控圈,20240603,7,30744,,,,,,,,,,,0
 江阴音乐节     ,次级防控圈,20240604,0,10565,,,,,,,6089,6654,5127,2008,0
 江阴音乐节     ,次级防控圈,20240604,1,4827,,,,,,,6089,6654,5127,2008,0
 江阴音乐节     ,次级防控圈,20240604,2,4574,,,,,,,6089,6654,5127,2008,0
 江阴音乐节     ,次级防控圈,20240605,15,27798,,,,,,,,,,,0
 江阴音乐节     ,次级防控圈,20240605,16,30792,,,,,,,,,,,0
 江阴音乐节     ,次级防控圈,20240605,17,32870,,,,,,,,,,,0
 江阴音乐节     ,次级防控圈,20240605,18,26921,,,,,,,,,,,0
 江阴音乐节     ,次级防控圈,20240605,19,21735,,,,,,,,,,,0
 江阴音乐节     ,次级防控圈,20240605,20,19991,,,,,,,,,,,0
 江阴音乐节     ,次级防控圈,20240605,21,16310,,,,,,,,,,,0
 江阴音乐节     ,次级防控圈,20240605,22,11387,,,,,,,,,,,0
 江阴音乐节     ,次级防控圈,20240605,23,7991,,,,,,,,,,,0
 江阴音乐节     ,次级防控圈,20240606,10,25349,,,,,,,,,,,0
 江阴音乐节     ,次级防控圈,20240606,11,28622,,,,,,,,,,,0
 江阴音乐节     ,次级防控圈,20240606,12,24254,,,,,,,,,,,0
 江阴音乐节     ,次级防控圈,20240606,13,28448,,,,,,,,,,,0
 江阴音乐节     ,次级防控圈,20240606,14,29079,,,,,,,,,,,0
 江阴音乐节     ,次级防控圈,20240606,15,30404,,,,,,,,,,,0
 江阴音乐节     ,次级防控圈,20240606,16,32294,,,,,,,,,,,0
 江阴音乐节     ,次级防控圈,20240606,17,37360,,,,,,,,,,,0
 江阴音乐节     ,次级防控圈,20240606,20,23410,,,,,,,,,,,0
 江阴音乐节     ,次级防控圈,20240606,21,18369,,,,,,,,,,,0
 江阴音乐节     ,次级防控圈,20240606,22,13250,,,,,,,,,,,0
 江阴音乐节     ,次级防控圈,20240607,10,29355,,,,,,,,,,,0
 江阴音乐节     ,次级防控圈,20240607,11,30732,,,,,,,,,,,0
 江阴音乐节     ,次级防控圈,20240607,12,27903,,,,,,,,,,,0
 江阴音乐节     ,次级防控圈,20240607,6,16994,,,,,,,,,,,0
 江阴音乐节     ,次级防控圈,20240607,7,28872,,,,,,,,,,,0
 江阴音乐节     ,次级防控圈,20240607,8,33456,,,,,,,,,,,0
 江阴音乐节     ,次级防控圈,20240607,9,29790,,,,,,,,,,,0
 江阴音乐节     ,次级防控圈,20240608,1,6968,,,,,,,,,,,0
 江阴音乐节     ,次级防控圈,20240608,2,4766,,,,,,,,,,,0
 江阴音乐节     ,次级防控圈,20240608,3,4679,,,,,,,,,,,0
 江阴音乐节     ,次级防控圈,20240608,4,4684,,,,,,,,,,,0
 江阴音乐节     ,次级防控圈,20240608,5,9637,,,,,,,,,,,0
 江阴音乐节     ,次级防控圈,20240608,6,16557,,,,,,,,,,,0
 江阴音乐节     ,次级防控圈,20240608,7,23631,,,,,,,,,,,0
 江阴音乐节     ,次级防控圈,20240608,8,28788,,,,,,,,,,,0
 江阴音乐节     ,次级防控圈,20240609,0,11614,,,,,,,,,,,0
 江阴音乐节     ,次级防控圈,20240609,1,5633,,,,,,,,,,,0
 江阴音乐节     ,次级防控圈,20240609,2,4408,,,,,,,,,,,0
 江阴音乐节     ,次级防控圈,20240609,3,4315,,,,,,,,,,,0
 江阴音乐节     ,次级防控圈,20240610,15,34274,1922,28975,19071,0.61,26694,23323,16567,14155,10377,3921,1
 江阴音乐节     ,次级防控圈,20240610,16,35841,1922,28975,19071,0.61,26694,23323,16567,14155,10377,3921,1
 江阴音乐节     ,次级防控圈,20240610,17,39206,1922,28975,19071,0.61,26694,23323,16567,14155,10377,3921,1
 江阴音乐节     ,次级防控圈,20240610,18,46593,1922,28975,19071,0.61,26694,23323,16567,14155,10377,3921,1
 江阴音乐节     ,次级防控圈,20240610,19,52685,1922,28975,19071,0.61,26694,23323,16567,14155,10377,3921,1
 江阴音乐节     ,次级防控圈,20240610,20,46232,1922,28975,19071,0.61,26694,23323,16567,14155,10377,3921,1
 江阴音乐节     ,次级防控圈,20240610,21,36258,1922,28975,19071,0.61,26694,23323,16567,14155,10377,3921,1
 江阴音乐节     ,次级防控圈,20240610,22,36814,1922,28975,19071,0.61,26694,23323,16567,14155,10377,3921,1
 江阴音乐节     ,次级防控圈,20240610,23,28286,1922,28975,19071,0.61,26694,23323,16567,14155,10377,3921,1
 江阴音乐节     ,江阴体育馆,20240603,10,3562,,,,,,,,,,,0
 江阴音乐节     ,江阴体育馆,20240603,11,3729,,,,,,,,,,,0
 江阴音乐节     ,江阴体育馆,20240603,12,3424,,,,,,,,,,,0
 江阴音乐节     ,江阴体育馆,20240603,13,3808,,,,,,,,,,,0
 江阴音乐节     ,江阴体育馆,20240603,7,5365,,,,,,,,,,,0
 江阴音乐节     ,江阴体育馆,20240603,8,5511,,,,,,,,,,,0
 江阴音乐节     ,江阴体育馆,20240603,9,3791,,,,,,,,,,,0
 江阴音乐节     ,江阴体育馆,20240604,2,134,,,,,,,931,701,324,57,0
 江阴音乐节     ,江阴体育馆,20240604,3,96,,,,,,,931,701,324,57,0
 江阴音乐节     ,江阴体育馆,20240604,4,123,,,,,,,931,701,324,57,0
 江阴音乐节     ,江阴体育馆,20240604,5,530,,,,,,,931,701,324,57,0
 江阴音乐节     ,江阴体育馆,20240604,6,2431,,,,,,,931,701,324,57,0
 江阴音乐节     ,江阴体育馆,20240604,7,4699,,,,,,,931,701,324,57,0
 江阴音乐节     ,江阴体育馆,20240604,8,5176,,,,,,,931,701,324,57,0
 江阴音乐节     ,江阴体育馆,20240604,9,3820,,,,,,,931,701,324,57,0
 江阴音乐节     ,江阴体育馆,20240605,0,392,,,,,,,,,,,0
 江阴音乐节     ,江阴体育馆,20240605,1,147,,,,,,,,,,,0
 江阴音乐节     ,江阴体育馆,20240605,2,127,,,,,,,,,,,0
 江阴音乐节     ,江阴体育馆,20240605,3,113,,,,,,,,,,,0
 江阴音乐节     ,江阴体育馆,20240605,4,178,,,,,,,,,,,0
 江阴音乐节     ,江阴体育馆,20240606,17,6583,,,,,,,,,,,0
 江阴音乐节     ,江阴体育馆,20240606,18,5445,,,,,,,,,,,0
 江阴音乐节     ,江阴体育馆,20240606,19,4702,,,,,,,,,,,0
 江阴音乐节     ,江阴体育馆,20240606,22,1410,,,,,,,,,,,0
 江阴音乐节     ,江阴体育馆,20240606,23,909,,,,,,,,,,,0
 江阴音乐节     ,江阴体育馆,20240607,12,4401,,,,,,,,,,,0
 江阴音乐节     ,江阴体育馆,20240607,13,4786,,,,,,,,,,,0
 江阴音乐节     ,江阴体育馆,20240607,14,4976,,,,,,,,,,,0
 江阴音乐节     ,江阴体育馆,20240607,15,4737,,,,,,,,,,,0
 江阴音乐节     ,江阴体育馆,20240607,16,5550,,,,,,,,,,,0
 江阴音乐节     ,江阴体育馆,20240607,17,6448,,,,,,,,,,,0
 江阴音乐节     ,江阴体育馆,20240607,18,6232,,,,,,,,,,,0
 江阴音乐节     ,江阴体育馆,20240607,19,5667,,,,,,,,,,,0
 江阴音乐节     ,江阴体育馆,20240607,20,5931,,,,,,,,,,,0
 江阴音乐节     ,江阴体育馆,20240607,21,4285,,,,,,,,,,,0
 江阴音乐节     ,江阴体育馆,20240607,22,2610,,,,,,,,,,,0
 江阴音乐节     ,江阴体育馆,20240607,23,986,,,,,,,,,,,0
 江阴音乐节     ,江阴体育馆,20240608,10,5218,,,,,,,,,,,0
 江阴音乐节     ,江阴体育馆,20240608,11,5103,,,,,,,,,,,0
 江阴音乐节     ,江阴体育馆,20240608,12,4526,,,,,,,,,,,0
 江阴音乐节     ,江阴体育馆,20240608,13,4550,,,,,,,,,,,0
 江阴音乐节     ,江阴体育馆,20240608,14,4582,,,,,,,,,,,0
 江阴音乐节     ,江阴体育馆,20240608,8,3974,,,,,,,,,,,0
 江阴音乐节     ,江阴体育馆,20240608,9,4737,,,,,,,,,,,0
 江阴音乐节     ,江阴体育馆,20240609,3,104,,,,,,,,,,,0
 江阴音乐节     ,江阴体育馆,20240609,4,135,,,,,,,,,,,0
 江阴音乐节     ,江阴体育馆,20240609,5,350,,,,,,,,,,,0
 江阴音乐节     ,江阴体育馆,20240609,6,1551,,,,,,,,,,,0
 江阴音乐节     ,江阴体育馆,20240609,7,2468,,,,,,,,,,,0
 江阴音乐节     ,江阴体育馆,20240609,8,3609,,,,,,,,,,,0
 江阴音乐节     ,江阴体育馆,20240609,9,4455,,,,,,,,,,,0
 江阴音乐节     ,江阴体育馆,20240610,0,598,1123,16956,9194,0.76,12753,14532,8902,12620,18836,1220,1
 江阴音乐节     ,江阴体育馆,20240610,1,202,1123,16956,9194,0.76,12753,14532,8902,12620,18836,1220,1
 江阴音乐节     ,江阴体育馆,20240610,2,114,1123,16956,9194,0.76,12753,14532,8902,12620,18836,1220,1
 江阴音乐节     ,江阴体育馆,20240610,3,104,1123,16956,9194,0.76,12753,14532,8902,12620,18836,1220,1
 江阴音乐节     ,江阴体育馆,20240610,4,141,1123,16956,9194,0.76,12753,14532,8902,12620,18836,1220,1
 江阴音乐节     ,次级防控圈,20240603,10,27392,,,,,,,,,,,0
 江阴音乐节     ,次级防控圈,20240603,11,28410,,,,,,,,,,,0
 江阴音乐节     ,次级防控圈,20240603,12,24425,,,,,,,,,,,0
 江阴音乐节     ,次级防控圈,20240603,13,25912,,,,,,,,,,,0
 江阴音乐节     ,次级防控圈,20240603,14,28044,,,,,,,,,,,0
 江阴音乐节     ,次级防控圈,20240603,8,34129,,,,,,,,,,,0
 江阴音乐节     ,次级防控圈,20240603,9,27833,,,,,,,,,,,0
 江阴音乐节     ,次级防控圈,20240604,3,4350,,,,,,,6089,6654,5127,2008,0
 江阴音乐节     ,次级防控圈,20240604,4,4264,,,,,,,6089,6654,5127,2008,0
 江阴音乐节     ,次级防控圈,20240604,5,8081,,,,,,,6089,6654,5127,2008,0
 江阴音乐节     ,次级防控圈,20240604,6,16998,,,,,,,6089,6654,5127,2008,0
 江阴音乐节     ,次级防控圈,20240604,7,28502,,,,,,,6089,6654,5127,2008,0
 江阴音乐节     ,次级防控圈,20240604,8,31991,,,,,,,6089,6654,5127,2008,0
 江阴音乐节     ,次级防控圈,20240604,9,27041,,,,,,,6089,6654,5127,2008,0
 江阴音乐节     ,次级防控圈,20240605,0,10507,,,,,,,,,,,0
 江阴音乐节     ,次级防控圈,20240605,1,5021,,,,,,,,,,,0
 江阴音乐节     ,次级防控圈,20240605,2,3904,,,,,,,,,,,0
 江阴音乐节     ,次级防控圈,20240605,3,4189,,,,,,,,,,,0
 江阴音乐节     ,次级防控圈,20240605,4,4338,,,,,,,,,,,0
 江阴音乐节     ,次级防控圈,20240605,5,8145,,,,,,,,,,,0
 江阴音乐节     ,次级防控圈,20240606,0,9407,,,,,,,,,,,0
 江阴音乐节     ,次级防控圈,20240606,18,30272,,,,,,,,,,,0
 江阴音乐节     ,次级防控圈,20240606,19,26284,,,,,,,,,,,0
 江阴音乐节     ,次级防控圈,20240606,23,9380,,,,,,,,,,,0
 江阴音乐节     ,次级防控圈,20240607,13,29930,,,,,,,,,,,0
 江阴音乐节     ,次级防控圈,20240607,14,32422,,,,,,,,,,,0
 江阴音乐节     ,次级防控圈,20240607,15,31713,,,,,,,,,,,0
 江阴音乐节     ,次级防控圈,20240607,16,36656,,,,,,,,,,,0
 江阴音乐节     ,次级防控圈,20240607,17,39395,,,,,,,,,,,0
 江阴音乐节     ,次级防控圈,20240607,18,34337,,,,,,,,,,,0
 江阴音乐节     ,次级防控圈,20240607,19,30363,,,,,,,,,,,0
 江阴音乐节     ,次级防控圈,20240607,20,29752,,,,,,,,,,,0
 江阴音乐节     ,次级防控圈,20240607,21,24413,,,,,,,,,,,0
 江阴音乐节     ,次级防控圈,20240607,22,18911,,,,,,,,,,,0
 江阴音乐节     ,次级防控圈,20240607,23,11652,,,,,,,,,,,0
 江阴音乐节     ,次级防控圈,20240608,10,30960,,,,,,,,,,,0
 江阴音乐节     ,次级防控圈,20240608,11,30423,,,,,,,,,,,0
 江阴音乐节     ,次级防控圈,20240608,12,28620,,,,,,,,,,,0
 江阴音乐节     ,次级防控圈,20240608,13,28497,,,,,,,,,,,0
 江阴音乐节     ,次级防控圈,20240608,14,30105,,,,,,,,,,,0
 江阴音乐节     ,次级防控圈,20240608,15,31577,,,,,,,,,,,0
 江阴音乐节     ,次级防控圈,20240608,20,27281,,,,,,,,,,,0
 江阴音乐节     ,次级防控圈,20240608,9,31562,,,,,,,,,,,0
 江阴音乐节     ,次级防控圈,20240609,10,30837,,,,,,,,,,,0
 江阴音乐节     ,次级防控圈,20240609,4,4353,,,,,,,,,,,0
 江阴音乐节     ,次级防控圈,20240609,5,7645,,,,,,,,,,,0
 江阴音乐节     ,次级防控圈,20240609,6,13045,,,,,,,,,,,0
 江阴音乐节     ,次级防控圈,20240609,7,19656,,,,,,,,,,,0
 江阴音乐节     ,次级防控圈,20240609,8,27304,,,,,,,,,,,0
 江阴音乐节     ,次级防控圈,20240609,9,30583,,,,,,,,,,,0
 江阴音乐节     ,次级防控圈,20240610,0,11811,1922,28975,19071,0.61,26694,23323,16567,14155,10377,3921,1
 江阴音乐节     ,次级防控圈,20240610,1,5721,1922,28975,19071,0.61,26694,23323,16567,14155,10377,3921,1
 江阴音乐节     ,次级防控圈,20240610,2,4380,1922,28975,19071,0.61,26694,23323,16567,14155,10377,3921,1
 江阴音乐节     ,次级防控圈,20240610,3,4173,1922,28975,19071,0.61,26694,23323,16567,14155,10377,3921,1
 江阴音乐节     ,次级防控圈,20240610,4,4000,1922,28975,19071,0.61,26694,23323,16567,14155,10377,3921,1
 江阴音乐节     ,次级防控圈,20240610,5,7505,1922,28975,19071,0.61,26694,23323,16567,14155,10377,3921,1
 江阴音乐节     ,江阴体育馆,20240603,14,3610,,,,,,,,,,,0
 江阴音乐节     ,江阴体育馆,20240603,15,3968,,,,,,,,,,,0
 江阴音乐节     ,江阴体育馆,20240603,20,3498,,,,,,,,,,,0
 江阴音乐节     ,江阴体育馆,20240604,10,3594,,,,,,,931,701,324,57,0
 江阴音乐节     ,江阴体育馆,20240605,5,592,,,,,,,,,,,0
 江阴音乐节     ,江阴体育馆,20240605,6,2569,,,,,,,,,,,0
 江阴音乐节     ,江阴体育馆,20240606,0,423,,,,,,,,,,,0
 江阴音乐节     ,江阴体育馆,20240606,1,164,,,,,,,,,,,0
 江阴音乐节     ,江阴体育馆,20240608,15,4759,,,,,,,,,,,0
 江阴音乐节     ,江阴体育馆,20240608,16,5055,,,,,,,,,,,0
 江阴音乐节     ,江阴体育馆,20240608,20,4777,,,,,,,,,,,0
 江阴音乐节     ,江阴体育馆,20240608,21,3138,,,,,,,,,,,0
 江阴音乐节     ,江阴体育馆,20240609,10,4388,,,,,,,,,,,0
 江阴音乐节     ,江阴体育馆,20240609,11,4369,,,,,,,,,,,0
 江阴音乐节     ,江阴体育馆,20240610,5,393,1123,16956,9194,0.76,12753,14532,8902,12620,18836,1220,1
 江阴音乐节     ,江阴体育馆,20240610,6,1380,1123,16956,9194,0.76,12753,14532,8902,12620,18836,1220,1
 江阴音乐节     ,次级防控圈,20240603,15,29047,,,,,,,,,,,0
 江阴音乐节     ,次级防控圈,20240603,16,31140,,,,,,,,,,,0
 江阴音乐节     ,次级防控圈,20240603,20,21394,,,,,,,,,,,0
 江阴音乐节     ,次级防控圈,20240603,21,17053,,,,,,,,,,,0
 江阴音乐节     ,次级防控圈,20240604,10,25977,,,,,,,6089,6654,5127,2008,0
 江阴音乐节     ,次级防控圈,20240604,11,27889,,,,,,,6089,6654,5127,2008,0
 江阴音乐节     ,次级防控圈,20240605,6,16692,,,,,,,,,,,0
 江阴音乐节     ,次级防控圈,20240605,7,28249,,,,,,,,,,,0
 江阴音乐节     ,次级防控圈,20240606,1,4402,,,,,,,,,,,0
 江阴音乐节     ,次级防控圈,20240606,2,3725,,,,,,,,,,,0
 江阴音乐节     ,次级防控圈,20240608,16,32176,,,,,,,,,,,0
 江阴音乐节     ,次级防控圈,20240608,17,32146,,,,,,,,,,,0
 江阴音乐节     ,次级防控圈,20240608,21,21781,,,,,,,,,,,0
 江阴音乐节     ,次级防控圈,20240608,22,15045,,,,,,,,,,,0
 江阴音乐节     ,次级防控圈,20240609,11,29109,,,,,,,,,,,0
 江阴音乐节     ,次级防控圈,20240609,12,26971,,,,,,,,,,,0
 江阴音乐节     ,次级防控圈,20240610,6,12152,1922,28975,19071,0.61,26694,23323,16567,14155,10377,3921,1
 江阴音乐节     ,次级防控圈,20240610,7,17905,1922,28975,19071,0.61,26694,23323,16567,14155,10377,3921,1
